,mean_fit_time,std_fit_time,mean_score_time,std_score_time,param_NN__alpha,param_NN__hidden_layer_sizes,param_gmm__n_components,params,split0_test_score,split1_test_score,split2_test_score,split3_test_score,split4_test_score,mean_test_score,std_test_score,rank_test_score,split0_train_score,split1_train_score,split2_train_score,split3_train_score,split4_train_score,mean_train_score,std_train_score
0,0.3060028076171875,0.005568762809740814,0.0033018112182617186,0.0005513240919233958,0.1,"(50, 50)",2,"{'NN__alpha': 0.1, 'NN__hidden_layer_sizes': (50, 50), 'gmm__n_components': 2}",0.0,0.0,0.0,0.0,0.0,0.0,0.0,79,0.0,0.0,0.0,0.0,0.0,0.0,0.0
1,0.3570347785949707,0.024364814649123257,0.005061817169189453,0.001931213952145703,0.1,"(50, 50)",3,"{'NN__alpha': 0.1, 'NN__hidden_layer_sizes': (50, 50), 'gmm__n_components': 3}",0.0,0.0,0.0,0.0,0.0,0.0,0.0,79,0.0,0.0,0.0,0.0,0.0,0.0,0.0
2,0.3353137493133545,0.015361639667436262,0.00358433723449707,0.000639261922521608,0.1,"(50, 50)",4,"{'NN__alpha': 0.1, 'NN__hidden_layer_sizes': (50, 50), 'gmm__n_components': 4}",0.0,0.0,0.0,0.0,0.0,0.0,0.0,79,0.0,0.0,0.0,0.0,0.0,0.0,0.0
3,0.3492039680480957,0.01704931354616056,0.003833293914794922,0.0005720805788762717,0.1,"(50, 50)",5,"{'NN__alpha': 0.1, 'NN__hidden_layer_sizes': (50, 50), 'gmm__n_components': 5}",0.0,0.0,0.0,0.0,0.0,0.0,0.0,79,0.0,0.0040705713486088,0.0,0.0,0.0,0.00081411426972176,0.0016282285394435202
4,0.38230605125427247,0.024168421847087396,0.004355812072753906,0.0004824416673328241,0.1,"(50, 50)",6,"{'NN__alpha': 0.1, 'NN__hidden_layer_sizes': (50, 50), 'gmm__n_components': 6}",0.0,0.0,0.0,0.0,0.0,0.0,0.0,79,0.0,0.0,0.0,0.0,0.0,0.0,0.0
5,0.4579622745513916,0.05574458780799791,0.004620647430419922,0.0007245689222990382,0.1,"(50, 50)",7,"{'NN__alpha': 0.1, 'NN__hidden_layer_sizes': (50, 50), 'gmm__n_components': 7}",0.0,0.0,0.0,0.0,0.0,0.0,0.0,79,0.0,0.0,0.0,0.0,0.0,0.0,0.0
6,0.4482487678527832,0.020122898660316312,0.004436111450195313,0.0011275633346425219,0.1,"(50, 50)",8,"{'NN__alpha': 0.1, 'NN__hidden_layer_sizes': (50, 50), 'gmm__n_components': 8}",0.0,0.0,0.0,0.0,0.0,0.0,0.0,79,0.0,0.0,0.0,0.0,0.0,0.0,0.0
7,0.5410630702972412,0.1546270608073352,0.004175615310668945,0.00031610036219621447,0.1,"(50, 50)",9,"{'NN__alpha': 0.1, 'NN__hidden_layer_sizes': (50, 50), 'gmm__n_components': 9}",0.09302325581395336,0.0,0.0,0.0,0.0,0.018650232178297713,0.03724344450513407,55,0.08203168626449837,0.0,0.0,0.0,0.0,0.016406337252899673,0.032812674505799354
8,0.4662619113922119,0.018544601154633383,0.0043618202209472655,0.0003216306892578514,0.1,"(50, 50)",10,"{'NN__alpha': 0.1, 'NN__hidden_layer_sizes': (50, 50), 'gmm__n_components': 10}",0.0,0.0,0.0,0.0,0.0,0.0,0.0,79,0.0,0.0,0.0,0.0,0.0,0.0,0.0
9,0.6725281715393067,0.16157242810362638,0.006104183197021484,0.0005325381427532802,0.1,"(50, 50)",15,"{'NN__alpha': 0.1, 'NN__hidden_layer_sizes': (50, 50), 'gmm__n_components': 15}",0.28832055515137905,0.0,0.0,0.0,0.0,0.05780538692500087,0.11543404390130087,20,0.2571009272387752,0.0,0.0,0.0,0.0,0.05142018544775504,0.10284037089551008
10,0.7763744831085205,0.1068448863308033,0.007735729217529297,0.0015416753637746625,0.1,"(50, 50)",20,"{'NN__alpha': 0.1, 'NN__hidden_layer_sizes': (50, 50), 'gmm__n_components': 20}",0.0,0.0,0.0,0.0,0.0,0.0,0.0,79,0.0,0.0,0.0,0.0,0.0,0.0,0.0
11,0.9707054615020752,0.10985024012455515,0.0072399616241455075,0.000987714584843429,0.1,"(50, 50)",25,"{'NN__alpha': 0.1, 'NN__hidden_layer_sizes': (50, 50), 'gmm__n_components': 25}",0.0,0.0,0.0,0.0,0.0,0.0,0.0,79,0.0,0.0,0.0,0.0,0.0,0.0,0.0
12,1.01351318359375,0.10410857182278006,0.007226419448852539,0.0007214581091746648,0.1,"(50, 50)",30,"{'NN__alpha': 0.1, 'NN__hidden_layer_sizes': (50, 50), 'gmm__n_components': 30}",0.0,0.0,0.0,0.0,0.0,0.0,0.0,79,0.0,0.0,0.0,0.0,0.0,0.0,0.0
13,1.0876897335052491,0.05344891398395483,0.0073073387145996095,0.00024376703713737592,0.1,"(50, 50)",35,"{'NN__alpha': 0.1, 'NN__hidden_layer_sizes': (50, 50), 'gmm__n_components': 35}",0.015999652181474297,0.0,0.0,0.0,0.0,0.003207770200532413,0.006405733199813501,78,0.031894091641234676,0.0,0.0,0.0,0.0,0.006378818328246935,0.01275763665649387
14,1.1483554363250732,0.08121321209294896,0.007927989959716797,0.0006333383122969239,0.1,"(50, 50)",40,"{'NN__alpha': 0.1, 'NN__hidden_layer_sizes': (50, 50), 'gmm__n_components': 40}",0.0,0.0,0.0,0.0,0.0,0.0,0.0,79,0.0,0.0,0.0,0.0,0.0,0.0,0.0
15,0.19335627555847168,0.01438708558926382,0.003985118865966797,0.0014923792201884422,0.1,"(50,)",2,"{'NN__alpha': 0.1, 'NN__hidden_layer_sizes': (50,), 'gmm__n_components': 2}",0.0,0.0,0.0,0.0,0.0,0.0,0.0,79,0.0,0.0,0.0,0.0,0.0,0.0,0.0
16,0.19821519851684571,0.015747107676828583,0.0031626224517822266,0.0005916388049631447,0.1,"(50,)",3,"{'NN__alpha': 0.1, 'NN__hidden_layer_sizes': (50,), 'gmm__n_components': 3}",0.0,0.0,0.0,0.0,0.0,0.0,0.0,79,0.0,0.0,0.0,0.0,0.0,0.0,0.0
17,0.26154117584228515,0.02265180078763892,0.003622913360595703,0.0005896802354955295,0.1,"(50,)",4,"{'NN__alpha': 0.1, 'NN__hidden_layer_sizes': (50,), 'gmm__n_components': 4}",0.0,0.031248009849916113,0.0,0.0,0.0,0.006264913367214705,0.01251067284796828,74,0.0,0.03931949701021904,0.0,0.0,0.0,0.007863899402043809,0.015727798804087617
18,0.2519217967987061,0.010239332714428123,0.0038677215576171874,0.0004927342871117645,0.1,"(50,)",5,"{'NN__alpha': 0.1, 'NN__hidden_layer_sizes': (50,), 'gmm__n_components': 5}",0.0,0.0,0.0,0.0,0.0,0.0,0.0,79,0.0,0.0,0.0,0.0,0.0,0.0,0.0
19,0.2557891845703125,0.017146367351949587,0.00409083366394043,0.000679414600740704,0.1,"(50,)",6,"{'NN__alpha': 0.1, 'NN__hidden_layer_sizes': (50,), 'gmm__n_components': 6}",0.0,0.0,0.0,0.0,0.0,0.0,0.0,79,0.0,0.0,0.0,0.0,0.0,0.0,0.0
20,0.31137609481811523,0.0445251522622769,0.0038987159729003905,0.000712339106716835,0.1,"(50,)",7,"{'NN__alpha': 0.1, 'NN__hidden_layer_sizes': (50,), 'gmm__n_components': 7}",0.0,0.0,0.0,0.0,0.0,0.0,0.0,79,0.0,0.0,0.0,0.0,0.0,0.0,0.0
21,0.30466480255126954,0.016060597695152258,0.004369163513183593,0.000913634548987181,0.1,"(50,)",8,"{'NN__alpha': 0.1, 'NN__hidden_layer_sizes': (50,), 'gmm__n_components': 8}",0.0,0.0,0.0,0.0,0.0,0.0,0.0,79,0.01212131213822743,0.0,0.0,0.0,0.0,0.002424262427645486,0.004848524855290972
22,0.339152193069458,0.04265063929512219,0.003977823257446289,0.0005423421071822476,0.1,"(50,)",9,"{'NN__alpha': 0.1, 'NN__hidden_layer_sizes': (50,), 'gmm__n_components': 9}",0.0,0.0,0.0,0.0,0.0,0.0,0.0,79,0.0,0.0,0.0,0.0,0.0,0.0,0.0
23,0.33392624855041503,0.03513925063242439,0.004325771331787109,0.0005340188429585093,0.1,"(50,)",10,"{'NN__alpha': 0.1, 'NN__hidden_layer_sizes': (50,), 'gmm__n_components': 10}",0.0,0.0,0.0,0.0,0.0,0.0,0.0,79,0.0,0.0,0.0,0.0,0.0,0.0,0.0
24,0.5510745048522949,0.04323347407998708,0.007242441177368164,0.0020275499888846617,0.1,"(50,)",15,"{'NN__alpha': 0.1, 'NN__hidden_layer_sizes': (50,), 'gmm__n_components': 15}",0.2147901710150001,0.0,0.0,0.0,0.0,0.04306328050974481,0.0859949025052883,33,0.1918023861668331,0.0,0.0,0.0,0.0,0.03836047723336662,0.07672095446673324
25,0.771344804763794,0.0620971234353674,0.0056632041931152345,0.0007066399679970775,0.1,"(50,)",20,"{'NN__alpha': 0.1, 'NN__hidden_layer_sizes': (50,), 'gmm__n_components': 20}",0.0,0.10605623944995664,0.0,0.15113453856607484,0.047494769536052396,0.06092419160141647,0.05962064626134779,15,0.0,0.11750074503919924,0.012162162162162163,0.10351437699680512,0.12773951158422042,0.07218335915647739,0.0546530248796395
26,0.7893799304962158,0.15679956735021724,0.006516075134277344,0.0006134865869461012,0.1,"(50,)",25,"{'NN__alpha': 0.1, 'NN__hidden_layer_sizes': (50,), 'gmm__n_components': 25}",0.0,0.0,0.0,0.0,0.0,0.0,0.0,79,0.0,0.0,0.0,0.0,0.0,0.0,0.0
27,0.9244743347167969,0.13691060544051561,0.005823993682861328,0.0005884827518418068,0.1,"(50,)",30,"{'NN__alpha': 0.1, 'NN__hidden_layer_sizes': (50,), 'gmm__n_components': 30}",0.0,0.0,0.0,0.12183078136022225,0.0,0.024326358548447807,0.04870243884425788,40,0.0,0.020000326758231442,0.004067796610169492,0.14625,0.027906976744186046,0.039645020022517394,0.05426929855409825
28,0.837837028503418,0.04836566243269657,0.008586406707763672,0.0013812384268859761,0.1,"(50,)",35,"{'NN__alpha': 0.1, 'NN__hidden_layer_sizes': (50,), 'gmm__n_components': 35}",0.2986861461979401,0.0,0.0,0.0,0.0,0.05988358423160007,0.11958408478653512,16,0.28882921672739814,0.004059569834826051,0.0,0.0,0.0,0.058577757312444835,0.11513646536508557
29,0.9673727512359619,0.1326065063339905,0.009088373184204102,0.0018975906542639752,0.1,"(50,)",40,"{'NN__alpha': 0.1, 'NN__hidden_layer_sizes': (50,), 'gmm__n_components': 40}",0.0,0.0,0.0,0.0,0.0,0.0,0.0,79,0.0,0.0,0.0,0.0,0.0,0.0,0.0
30,0.1893754482269287,0.01763418972108905,0.0035305023193359375,0.0008356352366522147,0.1,"(25,)",2,"{'NN__alpha': 0.1, 'NN__hidden_layer_sizes': (25,), 'gmm__n_components': 2}",0.0,0.0,0.0,0.0,0.0,0.0,0.0,79,0.0,0.0,0.0,0.0,0.0,0.0,0.0
31,0.15683941841125487,0.015567105548036787,0.003445291519165039,0.00024902035242920856,0.1,"(25,)",3,"{'NN__alpha': 0.1, 'NN__hidden_layer_sizes': (25,), 'gmm__n_components': 3}",0.0,0.0,0.0,0.0,0.0,0.0,0.0,79,0.0,0.0,0.0,0.0,0.0,0.0,0.0
32,0.14755663871765137,0.01629717610022629,0.004772043228149414,0.001335061723010566,0.1,"(25,)",4,"{'NN__alpha': 0.1, 'NN__hidden_layer_sizes': (25,), 'gmm__n_components': 4}",0.0,0.0,0.0,0.0,0.0,0.0,0.0,79,0.0,0.0,0.0,0.0,0.0,0.0,0.0
33,0.16294622421264648,0.008671488468426466,0.003760957717895508,0.0008008014450210762,0.1,"(25,)",5,"{'NN__alpha': 0.1, 'NN__hidden_layer_sizes': (25,), 'gmm__n_components': 5}",0.0,0.03182977987285383,0.08956316602944754,0.0,0.0,0.02426492858553331,0.034871599292677025,44,0.0,0.012072599964661467,0.05739795918367347,0.0,0.012162162162162163,0.01632654426209942,0.021238697413469884
34,0.1917445182800293,0.02129046884985615,0.004254293441772461,0.0007772584837855454,0.1,"(25,)",6,"{'NN__alpha': 0.1, 'NN__hidden_layer_sizes': (25,), 'gmm__n_components': 6}",0.0,0.0,0.0,0.0,0.0,0.0,0.0,79,0.0,0.0,0.0,0.0,0.0,0.0,0.0
35,0.2390285015106201,0.04262766857022573,0.005319118499755859,0.004160584522373037,0.1,"(25,)",7,"{'NN__alpha': 0.1, 'NN__hidden_layer_sizes': (25,), 'gmm__n_components': 7}",0.0,0.0,0.0,0.0,0.0,0.0,0.0,79,0.0,0.0,0.0,0.0,0.0,0.0,0.0
36,0.22784438133239746,0.015814647314705468,0.0064719200134277345,0.0012581839243755953,0.1,"(25,)",8,"{'NN__alpha': 0.1, 'NN__hidden_layer_sizes': (25,), 'gmm__n_components': 8}",0.0,0.0,0.0,0.0,0.0,0.0,0.0,79,0.0,0.0,0.0,0.0,0.0,0.0,0.0
37,0.2689670562744141,0.05308861386777255,0.007578325271606445,0.005209740061717834,0.1,"(25,)",9,"{'NN__alpha': 0.1, 'NN__hidden_layer_sizes': (25,), 'gmm__n_components': 9}",0.0,0.0,0.07634222952592921,0.0,0.0,0.015243507651359487,0.030518172199253495,63,0.0,0.0,0.04639175257731958,0.0,0.0,0.009278350515463916,0.01855670103092783
38,0.2914271354675293,0.023061987484612464,0.004794120788574219,0.001205915356384826,0.1,"(25,)",10,"{'NN__alpha': 0.1, 'NN__hidden_layer_sizes': (25,), 'gmm__n_components': 10}",0.0,0.0,0.0,0.0,0.0,0.0,0.0,79,0.0,0.004078861694934991,0.0,0.0,0.0,0.0008157723389869982,0.0016315446779739966
39,0.3541878700256348,0.031622299582231436,0.004783773422241211,0.0004501349239021442,0.1,"(25,)",15,"{'NN__alpha': 0.1, 'NN__hidden_layer_sizes': (25,), 'gmm__n_components': 15}",0.0,0.0,0.0,0.0,0.0,0.0,0.0,79,0.0,0.0,0.0,0.0,0.0,0.0,0.0
40,0.5016097545623779,0.05882450797303363,0.0050086498260498045,0.0003777054309927774,0.1,"(25,)",20,"{'NN__alpha': 0.1, 'NN__hidden_layer_sizes': (25,), 'gmm__n_components': 20}",0.0,0.0,0.0,0.0,0.0,0.0,0.0,79,0.0,0.0,0.0,0.0,0.0,0.0,0.0
41,0.7068153858184815,0.14541018154239532,0.008843612670898438,0.0024836216039262607,0.1,"(25,)",25,"{'NN__alpha': 0.1, 'NN__hidden_layer_sizes': (25,), 'gmm__n_components': 25}",0.0,0.0,0.0,0.0,0.0,0.0,0.0,79,0.0,0.0,0.0,0.0,0.0,0.0,0.0
42,0.7666728019714355,0.11706087465403636,0.008406639099121094,0.0015428389336745018,0.1,"(25,)",30,"{'NN__alpha': 0.1, 'NN__hidden_layer_sizes': (25,), 'gmm__n_components': 30}",0.0,0.0,0.07833009625851056,0.14963101887715563,0.0,0.0455177563500779,0.06019821351915434,28,0.0,0.008108160319689967,0.09671179883945841,0.1906474820143885,0.0,0.05909348823470737,0.07523984973168509
43,0.7755878448486329,0.08409867497303497,0.007691717147827149,0.0009604315571624387,0.1,"(25,)",35,"{'NN__alpha': 0.1, 'NN__hidden_layer_sizes': (25,), 'gmm__n_components': 35}",0.0,0.0,0.3080875069256726,0.0,0.0,0.061516860304881134,0.1231594577101387,11,0.0,0.0,0.2852564102564104,0.0,0.0,0.057051282051282085,0.11410256410256417
44,0.8775896072387696,0.16645898784481006,0.009023523330688477,0.002706639253617659,0.1,"(25,)",40,"{'NN__alpha': 0.1, 'NN__hidden_layer_sizes': (25,), 'gmm__n_components': 40}",0.0,0.0,0.0,0.0,0.0,0.0,0.0,79,0.0,0.0,0.0,0.0,0.0,0.0,0.0
45,0.19681887626647948,0.011173959488137158,0.004273557662963867,0.0006689998921663744,0.1,"(25, 25)",2,"{'NN__alpha': 0.1, 'NN__hidden_layer_sizes': (25, 25), 'gmm__n_components': 2}",0.0,0.0,0.0,0.0,0.0,0.0,0.0,79,0.0,0.0,0.0,0.0,0.0,0.0,0.0
46,0.19134960174560547,0.013378206880695524,0.006545591354370117,0.002268489810211976,0.1,"(25, 25)",3,"{'NN__alpha': 0.1, 'NN__hidden_layer_sizes': (25, 25), 'gmm__n_components': 3}",0.0,0.0,0.0,0.0,0.0,0.0,0.0,79,0.0,0.0,0.0,0.0,0.0,0.0,0.0
47,0.24686722755432128,0.055114222138750064,0.019814538955688476,0.012461884357511215,0.1,"(25, 25)",4,"{'NN__alpha': 0.1, 'NN__hidden_layer_sizes': (25, 25), 'gmm__n_components': 4}",0.0,0.0,0.0,0.0,0.0,0.0,0.0,79,0.0,0.0,0.0,0.0,0.0,0.0,0.0
48,0.3329010963439941,0.014350249436080249,0.016918516159057616,0.008522366252421346,0.1,"(25, 25)",5,"{'NN__alpha': 0.1, 'NN__hidden_layer_sizes': (25, 25), 'gmm__n_components': 5}",0.0,0.0,0.0,0.0,0.0,0.0,0.0,79,0.0,0.0,0.0,0.0,0.0,0.0,0.0
49,0.3879652500152588,0.03353733267574901,0.013426399230957032,0.0055262268694523135,0.1,"(25, 25)",6,"{'NN__alpha': 0.1, 'NN__hidden_layer_sizes': (25, 25), 'gmm__n_components': 6}",0.0,0.0,0.047370119393352644,0.0,0.0,0.009458549768619618,0.018936432296027282,72,0.0,0.0,0.023968042609853527,0.0,0.0,0.004793608521970706,0.009587217043941412
50,0.386236572265625,0.043607983902679684,0.005139017105102539,0.0013759072503084747,0.1,"(25, 25)",7,"{'NN__alpha': 0.1, 'NN__hidden_layer_sizes': (25, 25), 'gmm__n_components': 7}",0.0,0.0,0.0,0.0,0.0,0.0,0.0,79,0.0,0.0,0.0,0.0,0.0,0.0,0.0
51,0.2767503261566162,0.02151458248853844,0.012320995330810547,0.011465054528311418,0.1,"(25, 25)",8,"{'NN__alpha': 0.1, 'NN__hidden_layer_sizes': (25, 25), 'gmm__n_components': 8}",0.0,0.0,0.0,0.0,0.0,0.0,0.0,79,0.0,0.0,0.0,0.0,0.0,0.0,0.0
52,0.34396724700927733,0.04695971917964318,0.02029385566711426,0.014035496808728683,0.1,"(25, 25)",9,"{'NN__alpha': 0.1, 'NN__hidden_layer_sizes': (25, 25), 'gmm__n_components': 9}",0.0,0.0,0.0,0.0,0.0,0.0,0.0,79,0.0,0.0,0.0,0.0,0.0,0.0,0.0
53,0.34318180084228517,0.06961347907614256,0.018044376373291017,0.012975863934571837,0.1,"(25, 25)",10,"{'NN__alpha': 0.1, 'NN__hidden_layer_sizes': (25, 25), 'gmm__n_components': 10}",0.0,0.0,0.0,0.0,0.0,0.0,0.0,79,0.0,0.0,0.0,0.0,0.0,0.0,0.0
54,0.5481344223022461,0.03461999292703855,0.005487918853759766,0.001131470182477815,0.1,"(25, 25)",15,"{'NN__alpha': 0.1, 'NN__hidden_layer_sizes': (25, 25), 'gmm__n_components': 15}",0.0,0.0,0.0,0.0,0.0,0.0,0.0,79,0.0,0.0,0.0,0.0,0.0,0.0,0.0
55,0.5733254432678223,0.10690359909526347,0.007878780364990234,0.0024423765465313376,0.1,"(25, 25)",20,"{'NN__alpha': 0.1, 'NN__hidden_layer_sizes': (25, 25), 'gmm__n_components': 20}",0.0,0.0,0.0,0.0,0.0,0.0,0.0,79,0.0,0.0,0.0,0.0,0.0,0.0,0.0
56,0.8552710533142089,0.13738106484827836,0.009403753280639648,0.004295902464819773,0.1,"(25, 25)",25,"{'NN__alpha': 0.1, 'NN__hidden_layer_sizes': (25, 25), 'gmm__n_components': 25}",0.0,0.0,0.0,0.0,0.0,0.0,0.0,79,0.004076094496578716,0.0,0.0,0.0,0.0,0.0008152188993157432,0.0016304377986314867
57,0.7394665241241455,0.12597434225990328,0.01710200309753418,0.01157105131765315,0.1,"(25, 25)",30,"{'NN__alpha': 0.1, 'NN__hidden_layer_sizes': (25, 25), 'gmm__n_components': 30}",0.0,0.0,0.0,0.0,0.0,0.0,0.0,79,0.0,0.0,0.0,0.0,0.0,0.0,0.0
58,0.8559289455413819,0.059337399859695494,0.009578990936279296,0.0035550036386646586,0.1,"(25, 25)",35,"{'NN__alpha': 0.1, 'NN__hidden_layer_sizes': (25, 25), 'gmm__n_components': 35}",0.0,0.0,0.0,0.0,0.0,0.0,0.0,79,0.0,0.0,0.016064257028112452,0.015936254980079684,0.0,0.006400102401638427,0.007838597105325482
59,0.8191005229949951,0.08528971950312525,0.007243585586547851,0.0009177254500593603,0.1,"(25, 25)",40,"{'NN__alpha': 0.1, 'NN__hidden_layer_sizes': (25, 25), 'gmm__n_components': 40}",0.09113422486379384,0.0,0.0161293866877623,0.0,0.0,0.02149210881928891,0.03542872733993988,51,0.06576592828240356,0.012145815935905723,0.01596806387225549,0.0,0.008080808080808083,0.02039212323427457,0.023297052348540705
60,0.6606956481933594,0.04271452343800177,0.00469207763671875,0.000711580098626712,0.1,"(100, 25, 100)",2,"{'NN__alpha': 0.1, 'NN__hidden_layer_sizes': (100, 25, 100), 'gmm__n_components': 2}",0.0,0.0,0.0,0.0,0.0,0.0,0.0,79,0.0,0.0,0.0,0.0,0.0,0.0,0.0
61,0.5725901603698731,0.025812815893959826,0.004592323303222656,0.0007203113002104717,0.1,"(100, 25, 100)",3,"{'NN__alpha': 0.1, 'NN__hidden_layer_sizes': (100, 25, 100), 'gmm__n_components': 3}",0.0,0.0,0.0,0.0,0.0,0.0,0.0,79,0.0,0.0,0.0,0.0,0.0,0.0,0.0
62,0.5822306632995605,0.011585505376294518,0.004417610168457031,0.0006348237941755369,0.1,"(100, 25, 100)",4,"{'NN__alpha': 0.1, 'NN__hidden_layer_sizes': (100, 25, 100), 'gmm__n_components': 4}",0.0,0.0,0.0,0.0,0.0,0.0,0.0,79,0.0,0.0,0.0,0.0,0.0,0.0,0.0
63,0.5904807090759278,0.017119769310559124,0.0051558494567871095,0.001058852619899504,0.1,"(100, 25, 100)",5,"{'NN__alpha': 0.1, 'NN__hidden_layer_sizes': (100, 25, 100), 'gmm__n_components': 5}",0.0,0.0,0.0,0.0,0.0,0.0,0.0,79,0.0,0.0,0.0,0.0,0.0,0.0,0.0
64,0.6330524921417237,0.018466375507537002,0.004862546920776367,0.0003275129214755611,0.1,"(100, 25, 100)",6,"{'NN__alpha': 0.1, 'NN__hidden_layer_sizes': (100, 25, 100), 'gmm__n_components': 6}",0.0,0.0,0.0,0.0,0.0,0.0,0.0,79,0.0,0.0,0.0,0.0,0.0,0.0,0.0
65,0.6729005813598633,0.04637114561784181,0.005349016189575196,0.0008125845041607564,0.1,"(100, 25, 100)",7,"{'NN__alpha': 0.1, 'NN__hidden_layer_sizes': (100, 25, 100), 'gmm__n_components': 7}",0.0,0.0,0.0,0.0,0.0,0.0,0.0,79,0.0,0.0,0.0,0.0,0.0,0.0,0.0
66,0.6705702781677246,0.014930334781573787,0.006045293807983398,0.000928223922992851,0.1,"(100, 25, 100)",8,"{'NN__alpha': 0.1, 'NN__hidden_layer_sizes': (100, 25, 100), 'gmm__n_components': 8}",0.0,0.0,0.0,0.0,0.0,0.0,0.0,79,0.0,0.0,0.0,0.0,0.0,0.0,0.0
67,0.7989179611206054,0.23255564463956024,0.005952596664428711,0.001026954070529963,0.1,"(100, 25, 100)",9,"{'NN__alpha': 0.1, 'NN__hidden_layer_sizes': (100, 25, 100), 'gmm__n_components': 9}",0.09302325581395336,0.0,0.0,0.0,0.0,0.018650232178297713,0.03724344450513407,55,0.08203168626449837,0.0,0.0,0.0,0.0,0.016406337252899673,0.032812674505799354
68,0.6769393920898438,0.02255862625867802,0.005969905853271484,0.0008227193010021992,0.1,"(100, 25, 100)",10,"{'NN__alpha': 0.1, 'NN__hidden_layer_sizes': (100, 25, 100), 'gmm__n_components': 10}",0.0,0.0,0.0,0.0,0.0,0.0,0.0,79,0.0,0.0,0.0,0.0,0.0,0.0,0.0
69,1.0367723464965821,0.3139658825071928,0.006757688522338867,0.0009870134728147395,0.1,"(100, 25, 100)",15,"{'NN__alpha': 0.1, 'NN__hidden_layer_sizes': (100, 25, 100), 'gmm__n_components': 15}",0.28832055515137905,0.0,0.0,0.0,0.0,0.05780538692500087,0.11543404390130087,20,0.2571009272387752,0.0,0.004073319755600815,0.0,0.0,0.052234849398875204,0.10244518657531303
70,1.0561193466186523,0.05392839273881989,0.006500768661499024,0.0005200285441007667,0.1,"(100, 25, 100)",20,"{'NN__alpha': 0.1, 'NN__hidden_layer_sizes': (100, 25, 100), 'gmm__n_components': 20}",0.0,0.0,0.0,0.0,0.0,0.0,0.0,79,0.0,0.0,0.0,0.0,0.0,0.0,0.0
71,1.2164034843444824,0.1040003039227322,0.006891632080078125,0.000532199800059352,0.1,"(100, 25, 100)",25,"{'NN__alpha': 0.1, 'NN__hidden_layer_sizes': (100, 25, 100), 'gmm__n_components': 25}",0.0,0.0,0.0,0.0,0.0,0.0,0.0,79,0.0,0.0,0.0,0.0,0.0,0.0,0.0
72,1.2508541107177735,0.20924328437558376,0.008161592483520507,0.0014203005942129729,0.1,"(100, 25, 100)",30,"{'NN__alpha': 0.1, 'NN__hidden_layer_sizes': (100, 25, 100), 'gmm__n_components': 30}",0.0,0.0,0.0,0.22749990314207097,0.0,0.04542566461268791,0.09094417680119105,32,0.0,0.0,0.0,0.21505376344086022,0.0,0.043010752688172046,0.08602150537634409
73,1.2657753944396972,0.07290357251722737,0.007534646987915039,0.0005947220316855841,0.1,"(100, 25, 100)",35,"{'NN__alpha': 0.1, 'NN__hidden_layer_sizes': (100, 25, 100), 'gmm__n_components': 35}",0.0,0.0,0.0,0.0,0.0,0.0,0.0,79,0.0,0.0,0.012162162162162163,0.0,0.0,0.0024324324324324327,0.0048648648648648655
74,1.5970753192901612,0.3355822293356022,0.008215808868408203,0.0009550727318919117,0.1,"(100, 25, 100)",40,"{'NN__alpha': 0.1, 'NN__hidden_layer_sizes': (100, 25, 100), 'gmm__n_components': 40}",0.0,0.2888024827881422,0.0,0.20145069594197196,0.30135127898466624,0.1582981563038399,0.1337909219583235,4,0.0,0.35389984568604316,0.0,0.19736842105263155,0.31612903225806466,0.17347945979934787,0.15077224186199972
75,0.35006422996520997,0.02826742543566371,0.0036795616149902345,0.00025697565393328225,0.01,"(50, 50)",2,"{'NN__alpha': 0.01, 'NN__hidden_layer_sizes': (50, 50), 'gmm__n_components': 2}",0.0,0.0,0.0,0.0,0.0,0.0,0.0,79,0.0,0.0,0.0,0.0,0.0,0.0,0.0
76,0.37819881439208985,0.013087957672030727,0.003493785858154297,0.00022963207192310645,0.01,"(50, 50)",3,"{'NN__alpha': 0.01, 'NN__hidden_layer_sizes': (50, 50), 'gmm__n_components': 3}",0.0,0.0,0.0,0.0,0.0,0.0,0.0,79,0.0,0.0,0.0,0.0,0.0,0.0,0.0
77,0.37444000244140624,0.022946420135042982,0.00399327278137207,0.00030123317092289534,0.01,"(50, 50)",4,"{'NN__alpha': 0.01, 'NN__hidden_layer_sizes': (50, 50), 'gmm__n_components': 4}",0.0,0.0,0.0,0.0,0.0,0.0,0.0,79,0.0,0.0,0.0,0.0,0.0,0.0,0.0
78,0.3966202735900879,0.010270142804276164,0.004175615310668945,0.0004696418142436196,0.01,"(50, 50)",5,"{'NN__alpha': 0.01, 'NN__hidden_layer_sizes': (50, 50), 'gmm__n_components': 5}",0.0,0.0,0.0,0.0,0.0,0.0,0.0,79,0.0,0.0040705713486088,0.0,0.0,0.0,0.00081411426972176,0.0016282285394435202
79,0.4379606246948242,0.020781961796528834,0.0038849353790283204,0.0003809886402184407,0.01,"(50, 50)",6,"{'NN__alpha': 0.01, 'NN__hidden_layer_sizes': (50, 50), 'gmm__n_components': 6}",0.0,0.0,0.0,0.0,0.0,0.0,0.0,79,0.0,0.0,0.0,0.0,0.0,0.0,0.0
80,0.49787702560424807,0.050115043060688244,0.004525613784790039,0.0004016891447311915,0.01,"(50, 50)",7,"{'NN__alpha': 0.01, 'NN__hidden_layer_sizes': (50, 50), 'gmm__n_components': 7}",0.0,0.0,0.0,0.0,0.0,0.0,0.0,79,0.0,0.0,0.0,0.0,0.0,0.0,0.0
81,0.4743348121643066,0.019547832184088766,0.004495429992675781,0.0003683208676531436,0.01,"(50, 50)",8,"{'NN__alpha': 0.01, 'NN__hidden_layer_sizes': (50, 50), 'gmm__n_components': 8}",0.0,0.0,0.0,0.0,0.0,0.0,0.0,79,0.0,0.0,0.0,0.0,0.0,0.0,0.0
82,0.5720781326293946,0.15319759298539434,0.004681015014648437,0.0006844252313622009,0.01,"(50, 50)",9,"{'NN__alpha': 0.01, 'NN__hidden_layer_sizes': (50, 50), 'gmm__n_components': 9}",0.09302325581395336,0.0,0.0,0.0,0.0,0.018650232178297713,0.03724344450513407,55,0.08203168626449837,0.0,0.0,0.0,0.0,0.016406337252899673,0.032812674505799354
83,0.49252934455871583,0.032006858016799235,0.004489898681640625,0.00021845340890088994,0.01,"(50, 50)",10,"{'NN__alpha': 0.01, 'NN__hidden_layer_sizes': (50, 50), 'gmm__n_components': 10}",0.0,0.0,0.0,0.0,0.0,0.0,0.0,79,0.0,0.0,0.0,0.0,0.0,0.0,0.0
84,0.6897034168243408,0.15707614156195035,0.005978012084960937,0.0007601983270167963,0.01,"(50, 50)",15,"{'NN__alpha': 0.01, 'NN__hidden_layer_sizes': (50, 50), 'gmm__n_components': 15}",0.28832055515137905,0.0,0.0,0.0,0.0,0.05780538692500087,0.11543404390130087,20,0.2571009272387752,0.0,0.0,0.0,0.0,0.05142018544775504,0.10284037089551008
85,0.7479061126708985,0.053908643602993606,0.006230878829956055,0.0005923200931479531,0.01,"(50, 50)",20,"{'NN__alpha': 0.01, 'NN__hidden_layer_sizes': (50, 50), 'gmm__n_components': 20}",0.0,0.0,0.0,0.0,0.0,0.0,0.0,79,0.0,0.0,0.0,0.0,0.0,0.0,0.0
86,0.9091475486755372,0.10773553664095582,0.006380462646484375,0.0008681910023967035,0.01,"(50, 50)",25,"{'NN__alpha': 0.01, 'NN__hidden_layer_sizes': (50, 50), 'gmm__n_components': 25}",0.0,0.0,0.0,0.0,0.0,0.0,0.0,79,0.0,0.0,0.0,0.0,0.0,0.0,0.0
87,0.938539981842041,0.07745330710801819,0.006898069381713867,0.0008465876889586035,0.01,"(50, 50)",30,"{'NN__alpha': 0.01, 'NN__hidden_layer_sizes': (50, 50), 'gmm__n_components': 30}",0.0,0.0,0.0,0.0,0.0,0.0,0.0,79,0.0,0.0,0.0,0.0,0.0,0.0,0.0
88,1.0928040027618409,0.17166235222919565,0.007438087463378906,0.0011329974645907775,0.01,"(50, 50)",35,"{'NN__alpha': 0.01, 'NN__hidden_layer_sizes': (50, 50), 'gmm__n_components': 35}",0.015999652181474297,0.09254369420344513,0.0,0.0,0.0,0.021761855073497528,0.03598344658249342,48,0.031894091641234676,0.08955263440382778,0.0,0.0,0.0,0.02428934520901249,0.034891391364840194
89,1.1691315650939942,0.16603012327424663,0.00751962661743164,0.0009211052486644083,0.01,"(50, 50)",40,"{'NN__alpha': 0.01, 'NN__hidden_layer_sizes': (50, 50), 'gmm__n_components': 40}",0.0,0.0,0.0,0.12276300384679698,0.0,0.024512498522288165,0.049075099251872,37,0.0,0.0,0.0,0.08181818181818183,0.0,0.016363636363636365,0.03272727272727273
90,0.17677369117736816,0.010239890353978702,0.0027657032012939455,0.0001730644582656784,0.01,"(50,)",2,"{'NN__alpha': 0.01, 'NN__hidden_layer_sizes': (50,), 'gmm__n_components': 2}",0.0,0.0,0.0,0.0,0.0,0.0,0.0,79,0.0,0.0,0.0,0.0,0.0,0.0,0.0
91,0.18984360694885255,0.00920331537508137,0.0032817840576171873,0.0007322543947393057,0.01,"(50,)",3,"{'NN__alpha': 0.01, 'NN__hidden_layer_sizes': (50,), 'gmm__n_components': 3}",0.0,0.0,0.0,0.0,0.0,0.0,0.0,79,0.0,0.0,0.0,0.0,0.0,0.0,0.0
92,0.2390585422515869,0.017089431718213637,0.002965974807739258,0.00020013233292136214,0.01,"(50,)",4,"{'NN__alpha': 0.01, 'NN__hidden_layer_sizes': (50,), 'gmm__n_components': 4}",0.0,0.031248009849916113,0.0,0.0,0.0,0.006264913367214705,0.01251067284796828,74,0.0,0.04316658229606438,0.0,0.0,0.0,0.008633316459212876,0.017266632918425756
93,0.230775785446167,0.01098329163455306,0.003473043441772461,0.0006047846568017536,0.01,"(50,)",5,"{'NN__alpha': 0.01, 'NN__hidden_layer_sizes': (50,), 'gmm__n_components': 5}",0.0,0.0,0.0,0.0,0.0,0.0,0.0,79,0.0,0.0,0.0,0.0,0.0,0.0,0.0
94,0.24357781410217286,0.014391199037340973,0.0037685394287109374,0.00025038117561529963,0.01,"(50,)",6,"{'NN__alpha': 0.01, 'NN__hidden_layer_sizes': (50,), 'gmm__n_components': 6}",0.0,0.0,0.0,0.0,0.0,0.0,0.0,79,0.0,0.0,0.0,0.0,0.0,0.0,0.0
95,0.3000958919525146,0.04257670344965461,0.00383906364440918,0.0005060960413184331,0.01,"(50,)",7,"{'NN__alpha': 0.01, 'NN__hidden_layer_sizes': (50,), 'gmm__n_components': 7}",0.0,0.0,0.0,0.0,0.0,0.0,0.0,79,0.0,0.0,0.0,0.0,0.0,0.0,0.0
96,0.2906348705291748,0.01649318650030877,0.0041202068328857425,0.0001766423671174693,0.01,"(50,)",8,"{'NN__alpha': 0.01, 'NN__hidden_layer_sizes': (50,), 'gmm__n_components': 8}",0.0,0.0,0.0,0.0,0.0,0.0,0.0,79,0.01212131213822743,0.0,0.0,0.0,0.0,0.002424262427645486,0.004848524855290972
97,0.32085070610046384,0.049623380576967975,0.004343461990356445,0.0005195760733711725,0.01,"(50,)",9,"{'NN__alpha': 0.01, 'NN__hidden_layer_sizes': (50,), 'gmm__n_components': 9}",0.0,0.0,0.0,0.0,0.0,0.0,0.0,79,0.0,0.0,0.0,0.0,0.0,0.0,0.0
98,0.3034049510955811,0.02294403019222297,0.004248619079589844,0.0005743731097935914,0.01,"(50,)",10,"{'NN__alpha': 0.01, 'NN__hidden_layer_sizes': (50,), 'gmm__n_components': 10}",0.0,0.0,0.0,0.0,0.0,0.0,0.0,79,0.0,0.0,0.0,0.0,0.0,0.0,0.0
99,0.47858586311340334,0.03203056074963774,0.004879283905029297,0.00037422833330052064,0.01,"(50,)",15,"{'NN__alpha': 0.01, 'NN__hidden_layer_sizes': (50,), 'gmm__n_components': 15}",0.2147901710150001,0.0,0.0,0.0,0.0,0.04306328050974481,0.0859949025052883,33,0.1918023861668331,0.0,0.0,0.0,0.0,0.03836047723336662,0.07672095446673324
100,0.6337511539459229,0.06784695513616561,0.006050920486450196,0.0005756895830124559,0.01,"(50,)",20,"{'NN__alpha': 0.01, 'NN__hidden_layer_sizes': (50,), 'gmm__n_components': 20}",0.09302325581395336,0.10605623944995664,0.0,0.12307692307692292,0.047494769536052396,0.07397206609323183,0.04464511899255746,5,0.08565926864403689,0.11750074503919924,0.012162162162162163,0.08538163001293661,0.12773951158422042,0.08568866348851106,0.040463622895291144
101,0.7350056648254395,0.12272512184986399,0.006809759140014649,0.0010494956140114423,0.01,"(50,)",25,"{'NN__alpha': 0.01, 'NN__hidden_layer_sizes': (50,), 'gmm__n_components': 25}",0.0,0.0,0.0,0.0,0.0,0.0,0.0,79,0.0,0.0,0.0,0.0,0.0,0.0,0.0
102,0.8941527843475342,0.1466587688798554,0.007198619842529297,0.0008937993899934371,0.01,"(50,)",30,"{'NN__alpha': 0.01, 'NN__hidden_layer_sizes': (50,), 'gmm__n_components': 30}",0.0,0.0,0.0,0.12183078136022225,0.0,0.024326358548447807,0.04870243884425788,40,0.0,0.020000326758231442,0.004067796610169492,0.14625,0.027906976744186046,0.039645020022517394,0.05426929855409825
103,0.8463571548461915,0.058948772049960685,0.0071985721588134766,0.0010822216032126343,0.01,"(50,)",35,"{'NN__alpha': 0.01, 'NN__hidden_layer_sizes': (50,), 'gmm__n_components': 35}",0.2986861461979401,0.0,0.0,0.0,0.0,0.05988358423160007,0.11958408478653512,16,0.28882921672739814,0.008097232940138848,0.0,0.0,0.0,0.059385289933507404,0.11476481892480424
104,0.9437851905822754,0.13074681110610514,0.00785999298095703,0.0012409499503192635,0.01,"(50,)",40,"{'NN__alpha': 0.01, 'NN__hidden_layer_sizes': (50,), 'gmm__n_components': 40}",0.0,0.0,0.0,0.0,0.0,0.0,0.0,79,0.0,0.0,0.0,0.0,0.0,0.0,0.0
105,0.18673930168151856,0.01892030045863212,0.00375213623046875,0.0005160135250619942,0.01,"(25,)",2,"{'NN__alpha': 0.01, 'NN__hidden_layer_sizes': (25,), 'gmm__n_components': 2}",0.0,0.0,0.0,0.0,0.0,0.0,0.0,79,0.0,0.0,0.0,0.0,0.0,0.0,0.0
106,0.149124813079834,0.014369819866872573,0.003391933441162109,0.00045097914809025664,0.01,"(25,)",3,"{'NN__alpha': 0.01, 'NN__hidden_layer_sizes': (25,), 'gmm__n_components': 3}",0.0,0.0,0.0,0.0,0.0,0.0,0.0,79,0.0,0.0,0.0,0.0,0.0,0.0,0.0
107,0.14353818893432618,0.015571947558545947,0.0032570362091064453,0.000662762945969889,0.01,"(25,)",4,"{'NN__alpha': 0.01, 'NN__hidden_layer_sizes': (25,), 'gmm__n_components': 4}",0.0,0.0,0.0,0.0,0.0,0.0,0.0,79,0.0,0.0,0.0,0.0,0.0,0.0,0.0
108,0.15458884239196777,0.004451825822427381,0.0034201622009277345,0.00036680865062698224,0.01,"(25,)",5,"{'NN__alpha': 0.01, 'NN__hidden_layer_sizes': (25,), 'gmm__n_components': 5}",0.0,0.03182977987285383,0.08956316602944754,0.0,0.0,0.02426492858553331,0.034871599292677025,44,0.0,0.012072599964661467,0.05739795918367347,0.0,0.012162162162162163,0.01632654426209942,0.021238697413469884
109,0.17900943756103516,0.01693291832435661,0.0034702301025390627,0.0005125499390451818,0.01,"(25,)",6,"{'NN__alpha': 0.01, 'NN__hidden_layer_sizes': (25,), 'gmm__n_components': 6}",0.0,0.0,0.0,0.0,0.0,0.0,0.0,79,0.0,0.0,0.0,0.0,0.0,0.0,0.0
110,0.22506799697875976,0.04474253253841699,0.0034148693084716797,0.00047121980696871515,0.01,"(25,)",7,"{'NN__alpha': 0.01, 'NN__hidden_layer_sizes': (25,), 'gmm__n_components': 7}",0.0,0.0,0.0,0.0,0.0,0.0,0.0,79,0.0,0.0,0.0,0.0,0.0,0.0,0.0
111,0.22353267669677734,0.014191204933224759,0.0049036979675292965,0.00200614447623939,0.01,"(25,)",8,"{'NN__alpha': 0.01, 'NN__hidden_layer_sizes': (25,), 'gmm__n_components': 8}",0.0,0.0,0.0,0.0,0.0,0.0,0.0,79,0.0,0.0,0.0,0.0,0.0,0.0,0.0
112,0.2631992340087891,0.05609348478841888,0.006748580932617187,0.0030104328273508666,0.01,"(25,)",9,"{'NN__alpha': 0.01, 'NN__hidden_layer_sizes': (25,), 'gmm__n_components': 9}",0.0,0.0,0.07634222952592921,0.0,0.0,0.015243507651359487,0.030518172199253495,63,0.0,0.0,0.04639175257731958,0.0,0.0,0.009278350515463916,0.01855670103092783
113,0.28015499114990233,0.025505842501980645,0.004288482666015625,0.0016707169734870087,0.01,"(25,)",10,"{'NN__alpha': 0.01, 'NN__hidden_layer_sizes': (25,), 'gmm__n_components': 10}",0.0,0.0,0.0,0.0,0.0,0.0,0.0,79,0.0,0.004078861694934991,0.0,0.0,0.0,0.0008157723389869982,0.0016315446779739966
114,0.32808623313903806,0.03377195993752537,0.004729604721069336,0.000932590582794073,0.01,"(25,)",15,"{'NN__alpha': 0.01, 'NN__hidden_layer_sizes': (25,), 'gmm__n_components': 15}",0.0,0.0,0.0,0.0,0.0,0.0,0.0,79,0.0,0.0,0.0,0.0,0.0,0.0,0.0
115,0.4747625827789307,0.06052671438209182,0.005737400054931641,0.0007567134466520474,0.01,"(25,)",20,"{'NN__alpha': 0.01, 'NN__hidden_layer_sizes': (25,), 'gmm__n_components': 20}",0.0,0.0,0.0,0.0,0.0,0.0,0.0,79,0.0,0.0,0.0,0.0,0.0,0.0,0.0
116,0.6352766036987305,0.1146434629170835,0.006681394577026367,0.0012056201417297691,0.01,"(25,)",25,"{'NN__alpha': 0.01, 'NN__hidden_layer_sizes': (25,), 'gmm__n_components': 25}",0.0,0.0,0.0,0.0,0.0,0.0,0.0,79,0.0,0.0,0.0,0.0,0.0,0.0,0.0
117,0.6539414405822754,0.09785196115750894,0.006801986694335937,0.0011205942739126716,0.01,"(25,)",30,"{'NN__alpha': 0.01, 'NN__hidden_layer_sizes': (25,), 'gmm__n_components': 30}",0.0,0.0,0.07833009625851056,0.14963101887715563,0.0,0.0455177563500779,0.06019821351915434,28,0.0,0.008108160319689967,0.09671179883945841,0.1906474820143885,0.0,0.05909348823470737,0.07523984973168509
118,0.6823411464691163,0.06722918046164897,0.007990837097167969,0.0007607735198123803,0.01,"(25,)",35,"{'NN__alpha': 0.01, 'NN__hidden_layer_sizes': (25,), 'gmm__n_components': 35}",0.0,0.0,0.3080875069256726,0.0,0.0,0.061516860304881134,0.1231594577101387,11,0.0,0.0,0.2852564102564104,0.0,0.0,0.057051282051282085,0.11410256410256417
119,0.7721922397613525,0.10671214633353437,0.009934139251708985,0.004325232644872578,0.01,"(25,)",40,"{'NN__alpha': 0.01, 'NN__hidden_layer_sizes': (25,), 'gmm__n_components': 40}",0.0,0.0,0.0,0.0,0.0,0.0,0.0,79,0.0,0.0,0.0,0.0,0.0,0.0,0.0
120,0.20089335441589357,0.012491335153723401,0.004941987991333008,0.002578348326137363,0.01,"(25, 25)",2,"{'NN__alpha': 0.01, 'NN__hidden_layer_sizes': (25, 25), 'gmm__n_components': 2}",0.0,0.0,0.0,0.0,0.0,0.0,0.0,79,0.0,0.0,0.0,0.0,0.0,0.0,0.0
121,0.18192558288574218,0.01221773738907362,0.006641387939453125,0.002830626537834803,0.01,"(25, 25)",3,"{'NN__alpha': 0.01, 'NN__hidden_layer_sizes': (25, 25), 'gmm__n_components': 3}",0.0,0.0,0.0,0.0,0.0,0.0,0.0,79,0.0,0.0,0.0,0.0,0.0,0.0,0.0
122,0.20403270721435546,0.02052161442638203,0.00974574089050293,0.004347185409553432,0.01,"(25, 25)",4,"{'NN__alpha': 0.01, 'NN__hidden_layer_sizes': (25, 25), 'gmm__n_components': 4}",0.0,0.0,0.0,0.0,0.0,0.0,0.0,79,0.0,0.0,0.0,0.0,0.0,0.0,0.0
123,0.21608142852783202,0.009656214685058203,0.008961868286132813,0.0047702085351764125,0.01,"(25, 25)",5,"{'NN__alpha': 0.01, 'NN__hidden_layer_sizes': (25, 25), 'gmm__n_components': 5}",0.0,0.0,0.0,0.0,0.0,0.0,0.0,79,0.0,0.0,0.0,0.0,0.0,0.0,0.0
124,0.2589249610900879,0.02066638557381422,0.004919624328613282,0.003045228173735991,0.01,"(25, 25)",6,"{'NN__alpha': 0.01, 'NN__hidden_layer_sizes': (25, 25), 'gmm__n_components': 6}",0.0,0.0,0.047370119393352644,0.0,0.0,0.009458549768619618,0.018936432296027282,72,0.004081632653061195,0.0,0.023968042609853527,0.0,0.0,0.005609935052582944,0.009314182038067494
125,0.27295651435852053,0.04845105103263206,0.0050147056579589845,0.001501675966549104,0.01,"(25, 25)",7,"{'NN__alpha': 0.01, 'NN__hidden_layer_sizes': (25, 25), 'gmm__n_components': 7}",0.0,0.0,0.0,0.0,0.0,0.0,0.0,79,0.0,0.0,0.0,0.0,0.0,0.0,0.0
126,0.24265837669372559,0.017181967798762573,0.008066511154174805,0.005983424907530273,0.01,"(25, 25)",8,"{'NN__alpha': 0.01, 'NN__hidden_layer_sizes': (25, 25), 'gmm__n_components': 8}",0.0,0.0,0.0,0.0,0.0,0.0,0.0,79,0.0,0.0,0.0,0.0,0.0,0.0,0.0
127,0.3056625843048096,0.04545861920750374,0.00473637580871582,0.0016100574410907662,0.01,"(25, 25)",9,"{'NN__alpha': 0.01, 'NN__hidden_layer_sizes': (25, 25), 'gmm__n_components': 9}",0.0,0.0,0.0,0.0,0.0,0.0,0.0,79,0.0,0.0,0.0,0.0,0.0,0.0,0.0
128,0.26400165557861327,0.020200438720335473,0.004689788818359375,0.001226614246729122,0.01,"(25, 25)",10,"{'NN__alpha': 0.01, 'NN__hidden_layer_sizes': (25, 25), 'gmm__n_components': 10}",0.0,0.0,0.0,0.0,0.0,0.0,0.0,79,0.0,0.0,0.0,0.0,0.0,0.0,0.0
129,0.446171236038208,0.022906685601085004,0.0045910835266113285,0.00016542865835962435,0.01,"(25, 25)",15,"{'NN__alpha': 0.01, 'NN__hidden_layer_sizes': (25, 25), 'gmm__n_components': 15}",0.0,0.0,0.0,0.0,0.0,0.0,0.0,79,0.0,0.0,0.0,0.0,0.0,0.0,0.0
130,0.5151604652404785,0.056412319270685435,0.005066919326782227,0.0003051540024257939,0.01,"(25, 25)",20,"{'NN__alpha': 0.01, 'NN__hidden_layer_sizes': (25, 25), 'gmm__n_components': 20}",0.0,0.0,0.0,0.0,0.0,0.0,0.0,79,0.0,0.0,0.0,0.0,0.0,0.0,0.0
131,0.7137451648712159,0.11942171135462497,0.006962203979492187,0.0019119194254501517,0.01,"(25, 25)",25,"{'NN__alpha': 0.01, 'NN__hidden_layer_sizes': (25, 25), 'gmm__n_components': 25}",0.0,0.0,0.0,0.0,0.0,0.0,0.0,79,0.004076094496578716,0.0,0.0,0.0,0.0,0.0008152188993157432,0.0016304377986314867
132,0.6427189826965332,0.0912144740214752,0.006555032730102539,0.0003519967654292976,0.01,"(25, 25)",30,"{'NN__alpha': 0.01, 'NN__hidden_layer_sizes': (25, 25), 'gmm__n_components': 30}",0.0,0.0,0.0,0.0,0.0,0.0,0.0,79,0.0,0.0,0.0,0.0,0.0,0.0,0.0
133,0.7915424823760986,0.07105151216257,0.008668994903564453,0.0020302014504951734,0.01,"(25, 25)",35,"{'NN__alpha': 0.01, 'NN__hidden_layer_sizes': (25, 25), 'gmm__n_components': 35}",0.0,0.0,0.0,0.0,0.04787268734917489,0.009558899188953255,0.01913733624542531,69,0.0,0.0,0.016064257028112452,0.015936254980079684,0.10032154340836014,0.026464411083310456,0.03761545261872741
134,0.8170547008514404,0.08045720000641436,0.007221698760986328,0.0006313038550145385,0.01,"(25, 25)",40,"{'NN__alpha': 0.01, 'NN__hidden_layer_sizes': (25, 25), 'gmm__n_components': 40}",0.09113422486379384,0.0,0.0161293866877623,0.0,0.0,0.02149210881928891,0.03542872733993988,51,0.06576592828240356,0.012145815935905723,0.01596806387225549,0.0,0.008080808080808083,0.02039212323427457,0.023297052348540705
135,0.6492379188537598,0.00983916723957473,0.004739522933959961,0.0006127026285504937,0.01,"(100, 25, 100)",2,"{'NN__alpha': 0.01, 'NN__hidden_layer_sizes': (100, 25, 100), 'gmm__n_components': 2}",0.0,0.0,0.0,0.0,0.0,0.0,0.0,79,0.0,0.0,0.0,0.0,0.0,0.0,0.0
136,0.6097898006439209,0.02497798918753966,0.004329776763916016,0.00022818870696241433,0.01,"(100, 25, 100)",3,"{'NN__alpha': 0.01, 'NN__hidden_layer_sizes': (100, 25, 100), 'gmm__n_components': 3}",0.0,0.0,0.0,0.0,0.0,0.0,0.0,79,0.0,0.0,0.0,0.0,0.0,0.0,0.0
137,0.6065962791442872,0.0169731250768444,0.004560947418212891,0.00047651430167287167,0.01,"(100, 25, 100)",4,"{'NN__alpha': 0.01, 'NN__hidden_layer_sizes': (100, 25, 100), 'gmm__n_components': 4}",0.0,0.0,0.0,0.0,0.0,0.0,0.0,79,0.0,0.0,0.0,0.0,0.0,0.0,0.0
138,0.6316198825836181,0.008457506378901174,0.004872417449951172,0.0005346989314798252,0.01,"(100, 25, 100)",5,"{'NN__alpha': 0.01, 'NN__hidden_layer_sizes': (100, 25, 100), 'gmm__n_components': 5}",0.0,0.0,0.0,0.0,0.0,0.0,0.0,79,0.0,0.0,0.0,0.0,0.0,0.0,0.0
139,0.6435770988464355,0.017334525284614502,0.004807567596435547,0.0002076198268895986,0.01,"(100, 25, 100)",6,"{'NN__alpha': 0.01, 'NN__hidden_layer_sizes': (100, 25, 100), 'gmm__n_components': 6}",0.0,0.0,0.0,0.0,0.0,0.0,0.0,79,0.0,0.0,0.0,0.0,0.0,0.0,0.0
140,0.6866166114807128,0.045701190902778105,0.0049782276153564455,0.0002723367839157115,0.01,"(100, 25, 100)",7,"{'NN__alpha': 0.01, 'NN__hidden_layer_sizes': (100, 25, 100), 'gmm__n_components': 7}",0.0,0.0,0.0,0.0,0.0,0.0,0.0,79,0.0,0.0,0.0,0.0,0.0,0.0,0.0
141,0.6662935256958008,0.01596861423988694,0.005394601821899414,0.0008415193554448292,0.01,"(100, 25, 100)",8,"{'NN__alpha': 0.01, 'NN__hidden_layer_sizes': (100, 25, 100), 'gmm__n_components': 8}",0.0,0.0,0.0,0.0,0.0,0.0,0.0,79,0.0,0.0,0.0,0.0,0.0,0.0,0.0
142,0.7829644203186035,0.20339932810102157,0.00522465705871582,0.00045029435806768727,0.01,"(100, 25, 100)",9,"{'NN__alpha': 0.01, 'NN__hidden_layer_sizes': (100, 25, 100), 'gmm__n_components': 9}",0.09302325581395336,0.0,0.0,0.0,0.0,0.018650232178297713,0.03724344450513407,55,0.08203168626449837,0.0,0.0,0.0,0.0,0.016406337252899673,0.032812674505799354
143,0.6803472518920899,0.03436433217341125,0.006589508056640625,0.0011767530877094666,0.01,"(100, 25, 100)",10,"{'NN__alpha': 0.01, 'NN__hidden_layer_sizes': (100, 25, 100), 'gmm__n_components': 10}",0.0,0.0,0.0,0.0,0.0,0.0,0.0,79,0.0,0.0,0.0,0.0,0.0,0.0,0.0
144,0.9903381824493408,0.2743051019996989,0.006237220764160156,0.00033207627146362995,0.01,"(100, 25, 100)",15,"{'NN__alpha': 0.01, 'NN__hidden_layer_sizes': (100, 25, 100), 'gmm__n_components': 15}",0.28832055515137905,0.0,0.0,0.0,0.0,0.05780538692500087,0.11543404390130087,20,0.2571009272387752,0.0,0.0,0.0,0.0,0.05142018544775504,0.10284037089551008
145,1.0458815097808838,0.0798402593011547,0.007388257980346679,0.0011347962261704905,0.01,"(100, 25, 100)",20,"{'NN__alpha': 0.01, 'NN__hidden_layer_sizes': (100, 25, 100), 'gmm__n_components': 20}",0.0,0.0,0.0,0.0,0.0,0.0,0.0,79,0.0,0.0,0.0,0.0,0.0,0.0,0.0
146,1.3277957916259766,0.11616193223114549,0.007616233825683594,0.0007869782837034818,0.01,"(100, 25, 100)",25,"{'NN__alpha': 0.01, 'NN__hidden_layer_sizes': (100, 25, 100), 'gmm__n_components': 25}",0.0,0.0,0.0,0.0,0.0,0.0,0.0,79,0.0,0.0,0.0,0.0,0.0,0.0,0.0
147,1.4992132186889648,0.30051962941120897,0.008196210861206055,0.0010432364658996798,0.01,"(100, 25, 100)",30,"{'NN__alpha': 0.01, 'NN__hidden_layer_sizes': (100, 25, 100), 'gmm__n_components': 30}",0.0,0.09230576283940542,0.0,0.22749990314207097,0.0,0.06393204662744825,0.08919233948521806,8,0.0,0.08538260750102977,0.0,0.21505376344086022,0.0,0.060087274188378004,0.08424477222570642
148,1.460972785949707,0.09442821789225324,0.00932159423828125,0.0016135291445971889,0.01,"(100, 25, 100)",35,"{'NN__alpha': 0.01, 'NN__hidden_layer_sizes': (100, 25, 100), 'gmm__n_components': 35}",0.0,0.0,0.0,0.0,0.0,0.0,0.0,79,0.0,0.0,0.012162162162162163,0.0,0.0,0.0024324324324324327,0.0048648648648648655
149,1.696678066253662,0.3320423879155863,0.008201169967651366,0.0007001523318364275,0.01,"(100, 25, 100)",40,"{'NN__alpha': 0.01, 'NN__hidden_layer_sizes': (100, 25, 100), 'gmm__n_components': 40}",0.0,0.2888024827881422,0.0,0.20145069594197196,0.31173243673686046,0.16037099670433927,0.1360525089755635,1,0.0,0.35389984568604316,0.0,0.19736842105263155,0.3267485317672184,0.17560335970117863,0.15282754838427484
150,0.3605531692504883,0.01617876587532928,0.0035912036895751954,0.0002702730763632147,0.001,"(50, 50)",2,"{'NN__alpha': 0.001, 'NN__hidden_layer_sizes': (50, 50), 'gmm__n_components': 2}",0.0,0.0,0.0,0.0,0.0,0.0,0.0,79,0.0,0.0,0.0,0.0,0.0,0.0,0.0
151,0.4069464683532715,0.010865780938635567,0.004057407379150391,0.0004036933063872877,0.001,"(50, 50)",3,"{'NN__alpha': 0.001, 'NN__hidden_layer_sizes': (50, 50), 'gmm__n_components': 3}",0.0,0.0,0.0,0.0,0.0,0.0,0.0,79,0.0,0.0,0.0,0.0,0.0,0.0,0.0
152,0.4011363983154297,0.02060688151493491,0.004178237915039062,0.0006648681651848612,0.001,"(50, 50)",4,"{'NN__alpha': 0.001, 'NN__hidden_layer_sizes': (50, 50), 'gmm__n_components': 4}",0.0,0.0,0.0,0.0,0.0,0.0,0.0,79,0.0,0.0,0.0,0.0,0.0,0.0,0.0
153,0.4196730136871338,0.01326826872493924,0.004161310195922851,0.0004339257282038616,0.001,"(50, 50)",5,"{'NN__alpha': 0.001, 'NN__hidden_layer_sizes': (50, 50), 'gmm__n_components': 5}",0.0,0.0,0.0,0.0,0.0,0.0,0.0,79,0.0,0.0040705713486088,0.0,0.0,0.0,0.00081411426972176,0.0016282285394435202
154,0.43982181549072263,0.018168292883282443,0.004063892364501953,0.0003472584537115392,0.001,"(50, 50)",6,"{'NN__alpha': 0.001, 'NN__hidden_layer_sizes': (50, 50), 'gmm__n_components': 6}",0.0,0.0,0.0,0.0,0.0,0.0,0.0,79,0.0,0.0,0.0,0.0,0.0,0.0,0.0
155,0.49002814292907715,0.04490763339860407,0.004052400588989258,0.00046198059912669305,0.001,"(50, 50)",7,"{'NN__alpha': 0.001, 'NN__hidden_layer_sizes': (50, 50), 'gmm__n_components': 7}",0.0,0.0,0.0,0.0,0.0,0.0,0.0,79,0.0,0.0,0.0,0.0,0.0,0.0,0.0
156,0.4787562847137451,0.041028898914860744,0.004953145980834961,0.0008782008341360032,0.001,"(50, 50)",8,"{'NN__alpha': 0.001, 'NN__hidden_layer_sizes': (50, 50), 'gmm__n_components': 8}",0.0,0.0,0.0,0.0,0.0,0.0,0.0,79,0.0,0.0,0.0,0.0,0.0,0.0,0.0
157,0.5973637580871582,0.15694242770941352,0.004588413238525391,0.0005792735749866042,0.001,"(50, 50)",9,"{'NN__alpha': 0.001, 'NN__hidden_layer_sizes': (50, 50), 'gmm__n_components': 9}",0.09302325581395336,0.0,0.0,0.0,0.0,0.018650232178297713,0.03724344450513407,55,0.08203168626449837,0.0,0.0,0.0,0.0,0.016406337252899673,0.032812674505799354
158,0.534136438369751,0.04914461310200472,0.004601573944091797,0.00044313276793303026,0.001,"(50, 50)",10,"{'NN__alpha': 0.001, 'NN__hidden_layer_sizes': (50, 50), 'gmm__n_components': 10}",0.0,0.0,0.0,0.0,0.0,0.0,0.0,79,0.0,0.0,0.0,0.0,0.0,0.0,0.0
159,0.7083455562591553,0.17568191023247548,0.005965137481689453,0.00048081031620642213,0.001,"(50, 50)",15,"{'NN__alpha': 0.001, 'NN__hidden_layer_sizes': (50, 50), 'gmm__n_components': 15}",0.28832055515137905,0.0,0.0,0.0,0.0,0.05780538692500087,0.11543404390130087,20,0.2571009272387752,0.0,0.0,0.0,0.0,0.05142018544775504,0.10284037089551008
160,0.7835368156433106,0.05863035772408259,0.006192207336425781,0.0006318025588636574,0.001,"(50, 50)",20,"{'NN__alpha': 0.001, 'NN__hidden_layer_sizes': (50, 50), 'gmm__n_components': 20}",0.0,0.0,0.0,0.0,0.0,0.0,0.0,79,0.0,0.0,0.0,0.0,0.0,0.0,0.0
161,0.9433748722076416,0.11181325715594957,0.007230234146118164,0.0006419095927292699,0.001,"(50, 50)",25,"{'NN__alpha': 0.001, 'NN__hidden_layer_sizes': (50, 50), 'gmm__n_components': 25}",0.0,0.0,0.0,0.0,0.0,0.0,0.0,79,0.0,0.0,0.0,0.0,0.0,0.0,0.0
162,1.0128942012786866,0.08997043152525908,0.007483053207397461,0.0006849304343673396,0.001,"(50, 50)",30,"{'NN__alpha': 0.001, 'NN__hidden_layer_sizes': (50, 50), 'gmm__n_components': 30}",0.0,0.0,0.0,0.0,0.0,0.0,0.0,79,0.0,0.0,0.0,0.0,0.0,0.0,0.0
163,1.1662709712982178,0.19628130014266415,0.006993627548217774,0.000477799269892952,0.001,"(50, 50)",35,"{'NN__alpha': 0.001, 'NN__hidden_layer_sizes': (50, 50), 'gmm__n_components': 35}",0.015999652181474297,0.09254369420344513,0.0,0.0,0.0,0.021761855073497528,0.03598344658249342,48,0.031894091641234676,0.08955263440382778,0.0,0.0,0.0,0.02428934520901249,0.034891391364840194
164,1.2099599838256836,0.15909842314114206,0.007490921020507813,0.00040490091499777885,0.001,"(50, 50)",40,"{'NN__alpha': 0.001, 'NN__hidden_layer_sizes': (50, 50), 'gmm__n_components': 40}",0.0,0.0,0.0,0.12276300384679698,0.0,0.024512498522288165,0.049075099251872,37,0.0,0.0,0.0,0.08181818181818183,0.0,0.016363636363636365,0.03272727272727273
165,0.1828771114349365,0.014274074067416261,0.0030039310455322265,0.0002977411690191885,0.001,"(50,)",2,"{'NN__alpha': 0.001, 'NN__hidden_layer_sizes': (50,), 'gmm__n_components': 2}",0.0,0.0,0.0,0.0,0.0,0.0,0.0,79,0.0,0.0,0.0,0.0,0.0,0.0,0.0
166,0.1945878505706787,0.013174382993350933,0.0027136802673339844,7.60120907581357e-05,0.001,"(50,)",3,"{'NN__alpha': 0.001, 'NN__hidden_layer_sizes': (50,), 'gmm__n_components': 3}",0.0,0.0,0.0,0.0,0.0,0.0,0.0,79,0.0,0.0,0.0,0.0,0.0,0.0,0.0
167,0.23705577850341797,0.011831949217166923,0.0032280445098876952,0.000758451263071744,0.001,"(50,)",4,"{'NN__alpha': 0.001, 'NN__hidden_layer_sizes': (50,), 'gmm__n_components': 4}",0.0,0.031248009849916113,0.0,0.0,0.0,0.006264913367214705,0.01251067284796828,74,0.0,0.04316658229606438,0.0,0.0,0.0,0.008633316459212876,0.017266632918425756
168,0.23019008636474608,0.010757169334629044,0.0034363269805908203,0.00021099303388789643,0.001,"(50,)",5,"{'NN__alpha': 0.001, 'NN__hidden_layer_sizes': (50,), 'gmm__n_components': 5}",0.0,0.0,0.0,0.0,0.0,0.0,0.0,79,0.0,0.0,0.0,0.0,0.0,0.0,0.0
169,0.24796557426452637,0.020582597271850574,0.0038520336151123048,0.00048851203772867,0.001,"(50,)",6,"{'NN__alpha': 0.001, 'NN__hidden_layer_sizes': (50,), 'gmm__n_components': 6}",0.0,0.0,0.0,0.0,0.0,0.0,0.0,79,0.0,0.0,0.0,0.0,0.0,0.0,0.0
170,0.30385050773620603,0.0443912012387943,0.003787660598754883,0.0005429536322667022,0.001,"(50,)",7,"{'NN__alpha': 0.001, 'NN__hidden_layer_sizes': (50,), 'gmm__n_components': 7}",0.0,0.0,0.0,0.0,0.0,0.0,0.0,79,0.0,0.0,0.0,0.0,0.0,0.0,0.0
171,0.28936448097229006,0.014286218246743851,0.0037645816802978514,4.895573570404136e-05,0.001,"(50,)",8,"{'NN__alpha': 0.001, 'NN__hidden_layer_sizes': (50,), 'gmm__n_components': 8}",0.0,0.0,0.0,0.0,0.0,0.0,0.0,79,0.01212131213822743,0.0,0.0,0.0,0.0,0.002424262427645486,0.004848524855290972
172,0.31330409049987795,0.04080127092023896,0.0042455196380615234,0.0003285436740854901,0.001,"(50,)",9,"{'NN__alpha': 0.001, 'NN__hidden_layer_sizes': (50,), 'gmm__n_components': 9}",0.0,0.0,0.0,0.0,0.0,0.0,0.0,79,0.0,0.0,0.0,0.0,0.0,0.0,0.0
173,0.29635820388793943,0.019422888823681296,0.004093694686889649,0.0006844319220615365,0.001,"(50,)",10,"{'NN__alpha': 0.001, 'NN__hidden_layer_sizes': (50,), 'gmm__n_components': 10}",0.0,0.0,0.0,0.0,0.0,0.0,0.0,79,0.0,0.0,0.0,0.0,0.0,0.0,0.0
174,0.45317931175231935,0.031063269403478946,0.004673910140991211,0.00017323221608254189,0.001,"(50,)",15,"{'NN__alpha': 0.001, 'NN__hidden_layer_sizes': (50,), 'gmm__n_components': 15}",0.2147901710150001,0.0,0.0,0.0,0.0,0.04306328050974481,0.0859949025052883,33,0.1918023861668331,0.0,0.0,0.0,0.0,0.03836047723336662,0.07672095446673324
175,0.5974400997161865,0.06104407367878591,0.0052680492401123045,0.000587713556771701,0.001,"(50,)",20,"{'NN__alpha': 0.001, 'NN__hidden_layer_sizes': (50,), 'gmm__n_components': 20}",0.09302325581395336,0.10605623944995664,0.0,0.12307692307692292,0.047494769536052396,0.07397206609323183,0.04464511899255746,5,0.08565926864403689,0.11750074503919924,0.012162162162162163,0.08538163001293661,0.12773951158422042,0.08568866348851106,0.040463622895291144
176,0.7135603904724122,0.1335451606251515,0.0057907581329345705,0.00045013633319417593,0.001,"(50,)",25,"{'NN__alpha': 0.001, 'NN__hidden_layer_sizes': (50,), 'gmm__n_components': 25}",0.0,0.0,0.0,0.0,0.0,0.0,0.0,79,0.0,0.0,0.0,0.0,0.0,0.0,0.0
177,1.0288997650146485,0.16313767513335892,0.00699000358581543,0.0007736773247918559,0.001,"(50,)",30,"{'NN__alpha': 0.001, 'NN__hidden_layer_sizes': (50,), 'gmm__n_components': 30}",0.0,0.0,0.0,0.12183078136022225,0.0,0.024326358548447807,0.04870243884425788,40,0.0,0.020000326758231442,0.004067796610169492,0.14625,0.027906976744186046,0.039645020022517394,0.05426929855409825
178,1.0738158226013184,0.06505362065470262,0.008238792419433594,0.0013554879059407623,0.001,"(50,)",35,"{'NN__alpha': 0.001, 'NN__hidden_layer_sizes': (50,), 'gmm__n_components': 35}",0.2986861461979401,0.0,0.0,0.0,0.0,0.05988358423160007,0.11958408478653512,16,0.28882921672739814,0.008097232940138848,0.0,0.0,0.0,0.059385289933507404,0.11476481892480424
179,1.223119306564331,0.19948352313653445,0.010992336273193359,0.00699076959642742,0.001,"(50,)",40,"{'NN__alpha': 0.001, 'NN__hidden_layer_sizes': (50,), 'gmm__n_components': 40}",0.0,0.0,0.0,0.0,0.0,0.0,0.0,79,0.0,0.0,0.0,0.0,0.0,0.0,0.0
180,0.19268932342529296,0.013273067131331308,0.0034310340881347655,0.00041222406577841054,0.001,"(25,)",2,"{'NN__alpha': 0.001, 'NN__hidden_layer_sizes': (25,), 'gmm__n_components': 2}",0.0,0.0,0.0,0.0,0.0,0.0,0.0,79,0.0,0.0,0.0,0.0,0.0,0.0,0.0
181,0.15390920639038086,0.012296378692116755,0.0033664703369140625,0.0002613164210796926,0.001,"(25,)",3,"{'NN__alpha': 0.001, 'NN__hidden_layer_sizes': (25,), 'gmm__n_components': 3}",0.0,0.0,0.0,0.0,0.0,0.0,0.0,79,0.0,0.0,0.0,0.0,0.0,0.0,0.0
182,0.15323877334594727,0.014392120874689598,0.005597925186157227,0.0010899587173535674,0.001,"(25,)",4,"{'NN__alpha': 0.001, 'NN__hidden_layer_sizes': (25,), 'gmm__n_components': 4}",0.0,0.0,0.0,0.0,0.0,0.0,0.0,79,0.0,0.0,0.0,0.0,0.0,0.0,0.0
183,0.1795516014099121,0.011553075516398113,0.004537725448608398,0.0019623955118801225,0.001,"(25,)",5,"{'NN__alpha': 0.001, 'NN__hidden_layer_sizes': (25,), 'gmm__n_components': 5}",0.0,0.03182977987285383,0.08956316602944754,0.0,0.0,0.02426492858553331,0.034871599292677025,44,0.0,0.012072599964661467,0.05739795918367347,0.0,0.012162162162162163,0.01632654426209942,0.021238697413469884
184,0.20793161392211915,0.018769060699708885,0.004804372787475586,0.001549831085679868,0.001,"(25,)",6,"{'NN__alpha': 0.001, 'NN__hidden_layer_sizes': (25,), 'gmm__n_components': 6}",0.0,0.0,0.0,0.0,0.0,0.0,0.0,79,0.0,0.0,0.0,0.0,0.0,0.0,0.0
185,0.25079874992370604,0.053625016251692276,0.004012155532836914,0.0005859227538736794,0.001,"(25,)",7,"{'NN__alpha': 0.001, 'NN__hidden_layer_sizes': (25,), 'gmm__n_components': 7}",0.0,0.0,0.0,0.0,0.0,0.0,0.0,79,0.0,0.0,0.0,0.0,0.0,0.0,0.0
186,0.25406975746154786,0.02196626822965933,0.005082559585571289,0.001923150530334639,0.001,"(25,)",8,"{'NN__alpha': 0.001, 'NN__hidden_layer_sizes': (25,), 'gmm__n_components': 8}",0.0,0.0,0.0,0.0,0.0,0.0,0.0,79,0.0,0.0,0.0,0.0,0.0,0.0,0.0
187,0.34424600601196287,0.06296071523787916,0.006242275238037109,0.0021286656289156184,0.001,"(25,)",9,"{'NN__alpha': 0.001, 'NN__hidden_layer_sizes': (25,), 'gmm__n_components': 9}",0.0,0.0,0.07634222952592921,0.0,0.0,0.015243507651359487,0.030518172199253495,63,0.0,0.0,0.04639175257731958,0.0,0.0,0.009278350515463916,0.01855670103092783
188,0.35236659049987795,0.026527361965004315,0.006715106964111328,0.003825602831670633,0.001,"(25,)",10,"{'NN__alpha': 0.001, 'NN__hidden_layer_sizes': (25,), 'gmm__n_components': 10}",0.0,0.0,0.0,0.0,0.0,0.0,0.0,79,0.0,0.004078861694934991,0.0,0.0,0.0,0.0008157723389869982,0.0016315446779739966
189,0.34951047897338866,0.026626828133906585,0.004616641998291015,0.0010435426411080908,0.001,"(25,)",15,"{'NN__alpha': 0.001, 'NN__hidden_layer_sizes': (25,), 'gmm__n_components': 15}",0.0,0.0,0.0,0.0,0.0,0.0,0.0,79,0.0,0.0,0.0,0.0,0.0,0.0,0.0
190,0.49237403869628904,0.0665687062019839,0.004626750946044922,0.00035423012608602777,0.001,"(25,)",20,"{'NN__alpha': 0.001, 'NN__hidden_layer_sizes': (25,), 'gmm__n_components': 20}",0.0,0.0,0.0,0.0,0.0,0.0,0.0,79,0.0,0.0,0.0,0.0,0.0,0.0,0.0
191,0.642462968826294,0.12823845467171902,0.006335210800170898,0.0012101990429953763,0.001,"(25,)",25,"{'NN__alpha': 0.001, 'NN__hidden_layer_sizes': (25,), 'gmm__n_components': 25}",0.0,0.0,0.0,0.0,0.0,0.0,0.0,79,0.0,0.0,0.0,0.0,0.0,0.0,0.0
192,0.6461157321929931,0.09889582988078911,0.005960226058959961,0.0005848422032963577,0.001,"(25,)",30,"{'NN__alpha': 0.001, 'NN__hidden_layer_sizes': (25,), 'gmm__n_components': 30}",0.0,0.0,0.07833009625851056,0.14963101887715563,0.0,0.0455177563500779,0.06019821351915434,28,0.0,0.008108160319689967,0.09671179883945841,0.1906474820143885,0.0,0.05909348823470737,0.07523984973168509
193,0.6762566566467285,0.06029640938889509,0.006533050537109375,0.0006249049763369574,0.001,"(25,)",35,"{'NN__alpha': 0.001, 'NN__hidden_layer_sizes': (25,), 'gmm__n_components': 35}",0.0,0.0,0.3080875069256726,0.0,0.0,0.061516860304881134,0.1231594577101387,11,0.0,0.0,0.2852564102564104,0.0,0.0,0.057051282051282085,0.11410256410256417
194,0.75132737159729,0.09558121938593911,0.007628393173217773,0.0012329030542033372,0.001,"(25,)",40,"{'NN__alpha': 0.001, 'NN__hidden_layer_sizes': (25,), 'gmm__n_components': 40}",0.0,0.0,0.0,0.0,0.0,0.0,0.0,79,0.0,0.0,0.0,0.0,0.0,0.0,0.0
195,0.1992774486541748,0.016643730289922592,0.005687570571899414,0.0021780679601807107,0.001,"(25, 25)",2,"{'NN__alpha': 0.001, 'NN__hidden_layer_sizes': (25, 25), 'gmm__n_components': 2}",0.0,0.0,0.0,0.0,0.0,0.0,0.0,79,0.0,0.0,0.0,0.0,0.0,0.0,0.0
196,0.17951221466064454,0.014873640946333313,0.005949735641479492,0.002373184088306922,0.001,"(25, 25)",3,"{'NN__alpha': 0.001, 'NN__hidden_layer_sizes': (25, 25), 'gmm__n_components': 3}",0.0,0.0,0.0,0.0,0.0,0.0,0.0,79,0.0,0.0,0.0,0.0,0.0,0.0,0.0
197,0.2037332534790039,0.01416467024948386,0.003885841369628906,0.0005606685209423222,0.001,"(25, 25)",4,"{'NN__alpha': 0.001, 'NN__hidden_layer_sizes': (25, 25), 'gmm__n_components': 4}",0.0,0.0,0.0,0.0,0.0,0.0,0.0,79,0.0,0.0,0.0,0.0,0.0,0.0,0.0
198,0.19413180351257325,0.007975462111913308,0.007479572296142578,0.003807001267994405,0.001,"(25, 25)",5,"{'NN__alpha': 0.001, 'NN__hidden_layer_sizes': (25, 25), 'gmm__n_components': 5}",0.0,0.0,0.0,0.0,0.0,0.0,0.0,79,0.0,0.0,0.0,0.0,0.0,0.0,0.0
199,0.24266161918640136,0.01690171180717548,0.005961132049560547,0.002362169014826902,0.001,"(25, 25)",6,"{'NN__alpha': 0.001, 'NN__hidden_layer_sizes': (25, 25), 'gmm__n_components': 6}",0.0,0.0,0.047370119393352644,0.016260162601625994,0.0,0.012705270680091694,0.018423380219593714,67,0.004081632653061195,0.0,0.023968042609853527,0.0,0.0,0.005609935052582944,0.009314182038067494
200,0.2884331226348877,0.059070688918159704,0.005469846725463867,0.002606418471998329,0.001,"(25, 25)",7,"{'NN__alpha': 0.001, 'NN__hidden_layer_sizes': (25, 25), 'gmm__n_components': 7}",0.0,0.0,0.0,0.0,0.0,0.0,0.0,79,0.0,0.0,0.0,0.0,0.0,0.0,0.0
201,0.25666031837463377,0.026600761045830902,0.00607147216796875,0.0028029028290901207,0.001,"(25, 25)",8,"{'NN__alpha': 0.001, 'NN__hidden_layer_sizes': (25, 25), 'gmm__n_components': 8}",0.0,0.0,0.0,0.0,0.0,0.0,0.0,79,0.0,0.0,0.0,0.0,0.0,0.0,0.0
202,0.3664249420166016,0.04889623830412836,0.011840248107910156,0.004401507374088513,0.001,"(25, 25)",9,"{'NN__alpha': 0.001, 'NN__hidden_layer_sizes': (25, 25), 'gmm__n_components': 9}",0.0,0.0,0.0,0.0,0.0,0.0,0.0,79,0.0,0.0,0.0,0.0,0.0,0.0,0.0
203,0.317641019821167,0.0193630495166611,0.005857419967651367,0.0016420424185200964,0.001,"(25, 25)",10,"{'NN__alpha': 0.001, 'NN__hidden_layer_sizes': (25, 25), 'gmm__n_components': 10}",0.0,0.0,0.0,0.0,0.0,0.0,0.0,79,0.0,0.0,0.0,0.0,0.0,0.0,0.0
204,0.5025121688842773,0.028277390575710503,0.0054417610168457035,0.0008205273631249287,0.001,"(25, 25)",15,"{'NN__alpha': 0.001, 'NN__hidden_layer_sizes': (25, 25), 'gmm__n_components': 15}",0.0,0.0,0.0,0.0,0.0,0.0,0.0,79,0.0,0.0,0.0,0.0,0.0,0.0,0.0
205,0.5775514602661133,0.04970812934865405,0.005745887756347656,0.0007144938543773198,0.001,"(25, 25)",20,"{'NN__alpha': 0.001, 'NN__hidden_layer_sizes': (25, 25), 'gmm__n_components': 20}",0.0,0.0,0.0,0.0,0.0,0.0,0.0,79,0.0,0.0,0.0,0.0,0.0,0.0,0.0
206,0.7361691951751709,0.14045686578609481,0.0068416595458984375,0.0012403063376009008,0.001,"(25, 25)",25,"{'NN__alpha': 0.001, 'NN__hidden_layer_sizes': (25, 25), 'gmm__n_components': 25}",0.0,0.0,0.0,0.0,0.0,0.0,0.0,79,0.004076094496578716,0.0,0.0,0.0,0.0,0.0008152188993157432,0.0016304377986314867
207,0.6756258010864258,0.0745560363974103,0.008646440505981446,0.001580801168896316,0.001,"(25, 25)",30,"{'NN__alpha': 0.001, 'NN__hidden_layer_sizes': (25, 25), 'gmm__n_components': 30}",0.0,0.0,0.0,0.0,0.0,0.0,0.0,79,0.0,0.0,0.0,0.0,0.0,0.0,0.0
208,0.8345118999481201,0.07509032258335993,0.007577133178710937,0.0008388476053979133,0.001,"(25, 25)",35,"{'NN__alpha': 0.001, 'NN__hidden_layer_sizes': (25, 25), 'gmm__n_components': 35}",0.0,0.0,0.0,0.0,0.04787268734917489,0.009558899188953255,0.01913733624542531,69,0.0,0.0,0.016064257028112452,0.0040595399188092015,0.10032154340836014,0.024089068071056357,0.03856821563773263
209,0.8387394428253174,0.08844729243145916,0.007723569869995117,0.0006809933810840655,0.001,"(25, 25)",40,"{'NN__alpha': 0.001, 'NN__hidden_layer_sizes': (25, 25), 'gmm__n_components': 40}",0.09113422486379384,0.0,0.0161293866877623,0.0,0.0,0.02149210881928891,0.03542872733993988,51,0.06576592828240356,0.012145815935905723,0.01596806387225549,0.0,0.008080808080808083,0.02039212323427457,0.023297052348540705
210,0.676547622680664,0.015123780167846606,0.00412907600402832,0.00019977056179111053,0.001,"(100, 25, 100)",2,"{'NN__alpha': 0.001, 'NN__hidden_layer_sizes': (100, 25, 100), 'gmm__n_components': 2}",0.0,0.0,0.0,0.0,0.0,0.0,0.0,79,0.0,0.0,0.0,0.0,0.0,0.0,0.0
211,0.6573180675506591,0.017599424565700184,0.005727148056030274,0.0012693273008391002,0.001,"(100, 25, 100)",3,"{'NN__alpha': 0.001, 'NN__hidden_layer_sizes': (100, 25, 100), 'gmm__n_components': 3}",0.0,0.0,0.0,0.0,0.0,0.0,0.0,79,0.0,0.0,0.0,0.0,0.0,0.0,0.0
212,0.7053490161895752,0.018728519756754408,0.004868602752685547,0.0005799395102859709,0.001,"(100, 25, 100)",4,"{'NN__alpha': 0.001, 'NN__hidden_layer_sizes': (100, 25, 100), 'gmm__n_components': 4}",0.0,0.0,0.0,0.0,0.0,0.0,0.0,79,0.0,0.0,0.0,0.0,0.0,0.0,0.0
213,0.647864580154419,0.01747852188382939,0.005521297454833984,0.0008705597727722398,0.001,"(100, 25, 100)",5,"{'NN__alpha': 0.001, 'NN__hidden_layer_sizes': (100, 25, 100), 'gmm__n_components': 5}",0.0,0.0,0.0,0.0,0.0,0.0,0.0,79,0.0,0.0,0.0,0.0,0.0,0.0,0.0
214,0.6668111324310303,0.02005524111726951,0.00490274429321289,0.00016488961362507253,0.001,"(100, 25, 100)",6,"{'NN__alpha': 0.001, 'NN__hidden_layer_sizes': (100, 25, 100), 'gmm__n_components': 6}",0.0,0.0,0.0,0.0,0.0,0.0,0.0,79,0.0,0.0,0.0,0.0,0.0,0.0,0.0
215,0.7258108139038086,0.04789402107529234,0.004949235916137695,0.00023769835406650393,0.001,"(100, 25, 100)",7,"{'NN__alpha': 0.001, 'NN__hidden_layer_sizes': (100, 25, 100), 'gmm__n_components': 7}",0.0,0.0,0.0,0.0,0.0,0.0,0.0,79,0.0,0.0,0.0,0.0,0.0,0.0,0.0
216,0.6812578201293945,0.015851705641326236,0.005133914947509766,0.00043526829371288794,0.001,"(100, 25, 100)",8,"{'NN__alpha': 0.001, 'NN__hidden_layer_sizes': (100, 25, 100), 'gmm__n_components': 8}",0.0,0.0,0.0,0.0,0.0,0.0,0.0,79,0.0,0.0,0.0,0.0,0.0,0.0,0.0
217,0.8210928916931153,0.18520668342118432,0.005149221420288086,0.00016837325995608344,0.001,"(100, 25, 100)",9,"{'NN__alpha': 0.001, 'NN__hidden_layer_sizes': (100, 25, 100), 'gmm__n_components': 9}",0.09302325581395336,0.0,0.0,0.0,0.0,0.018650232178297713,0.03724344450513407,55,0.08203168626449837,0.0,0.0,0.0,0.0,0.016406337252899673,0.032812674505799354
218,0.6837664127349854,0.0208180319908846,0.005656051635742188,0.000526503206869701,0.001,"(100, 25, 100)",10,"{'NN__alpha': 0.001, 'NN__hidden_layer_sizes': (100, 25, 100), 'gmm__n_components': 10}",0.0,0.0,0.0,0.0,0.0,0.0,0.0,79,0.0,0.0,0.0,0.0,0.0,0.0,0.0
219,0.9792500972747803,0.2774490270484815,0.00657038688659668,0.0004954130032515675,0.001,"(100, 25, 100)",15,"{'NN__alpha': 0.001, 'NN__hidden_layer_sizes': (100, 25, 100), 'gmm__n_components': 15}",0.28832055515137905,0.0,0.0,0.0,0.0,0.05780538692500087,0.11543404390130087,20,0.2571009272387752,0.0,0.0,0.0,0.0,0.05142018544775504,0.10284037089551008
220,1.0163853645324707,0.05867503862430342,0.007493400573730468,0.0014686353762164547,0.001,"(100, 25, 100)",20,"{'NN__alpha': 0.001, 'NN__hidden_layer_sizes': (100, 25, 100), 'gmm__n_components': 20}",0.0,0.0,0.0,0.0,0.0,0.0,0.0,79,0.0,0.0,0.0,0.0,0.0,0.0,0.0
221,1.2160547256469727,0.10331086818476512,0.006965923309326172,0.0003227431505997462,0.001,"(100, 25, 100)",25,"{'NN__alpha': 0.001, 'NN__hidden_layer_sizes': (100, 25, 100), 'gmm__n_components': 25}",0.0,0.0,0.0,0.0,0.0,0.0,0.0,79,0.0,0.0,0.0,0.0,0.0,0.0,0.0
222,1.396332025527954,0.2605506739183069,0.008120584487915038,0.0005687930090524853,0.001,"(100, 25, 100)",30,"{'NN__alpha': 0.001, 'NN__hidden_layer_sizes': (100, 25, 100), 'gmm__n_components': 30}",0.0,0.09230576283940542,0.0,0.22749990314207097,0.0,0.06393204662744825,0.08919233948521806,8,0.0,0.08538260750102977,0.0,0.21505376344086022,0.0,0.060087274188378004,0.08424477222570642
223,1.3210524082183839,0.06805435120985646,0.008925676345825195,0.0010684245589787818,0.001,"(100, 25, 100)",35,"{'NN__alpha': 0.001, 'NN__hidden_layer_sizes': (100, 25, 100), 'gmm__n_components': 35}",0.0,0.0,0.0,0.0,0.0,0.0,0.0,79,0.0,0.0,0.012162162162162163,0.0,0.0,0.0024324324324324327,0.0048648648648648655
224,1.5569599628448487,0.29303627744777305,0.008071422576904297,0.0007119125754381897,0.001,"(100, 25, 100)",40,"{'NN__alpha': 0.001, 'NN__hidden_layer_sizes': (100, 25, 100), 'gmm__n_components': 40}",0.0,0.2888024827881422,0.0,0.20145069594197196,0.31173243673686046,0.16037099670433927,0.1360525089755635,1,0.0,0.35389984568604316,0.0,0.19736842105263155,0.3267485317672184,0.17560335970117863,0.15282754838427484
225,0.3543990135192871,0.009698531823917302,0.003540515899658203,0.00010865004351769404,0.0001,"(50, 50)",2,"{'NN__alpha': 0.0001, 'NN__hidden_layer_sizes': (50, 50), 'gmm__n_components': 2}",0.0,0.0,0.0,0.0,0.0,0.0,0.0,79,0.0,0.0,0.0,0.0,0.0,0.0,0.0
226,0.3621088981628418,0.013399683130727261,0.003563213348388672,0.00021813449364216792,0.0001,"(50, 50)",3,"{'NN__alpha': 0.0001, 'NN__hidden_layer_sizes': (50, 50), 'gmm__n_components': 3}",0.0,0.0,0.0,0.0,0.0,0.0,0.0,79,0.0,0.0,0.0,0.0,0.0,0.0,0.0
227,0.3535874366760254,0.01584307268622093,0.0037750244140625,0.00011019092866247953,0.0001,"(50, 50)",4,"{'NN__alpha': 0.0001, 'NN__hidden_layer_sizes': (50, 50), 'gmm__n_components': 4}",0.0,0.0,0.0,0.0,0.0,0.0,0.0,79,0.0,0.0,0.0,0.0,0.0,0.0,0.0
228,0.3740729808807373,0.015470417330600297,0.004036235809326172,0.0005216723254035606,0.0001,"(50, 50)",5,"{'NN__alpha': 0.0001, 'NN__hidden_layer_sizes': (50, 50), 'gmm__n_components': 5}",0.0,0.0,0.0,0.0,0.0,0.0,0.0,79,0.0,0.0040705713486088,0.0,0.0,0.0,0.00081411426972176,0.0016282285394435202
229,0.39795994758605957,0.01666736965997369,0.004422569274902343,0.0007396338363342542,0.0001,"(50, 50)",6,"{'NN__alpha': 0.0001, 'NN__hidden_layer_sizes': (50, 50), 'gmm__n_components': 6}",0.0,0.0,0.0,0.0,0.0,0.0,0.0,79,0.0,0.0,0.0,0.0,0.0,0.0,0.0
230,0.45006322860717773,0.04049551076454377,0.004148626327514648,0.0004312294866235586,0.0001,"(50, 50)",7,"{'NN__alpha': 0.0001, 'NN__hidden_layer_sizes': (50, 50), 'gmm__n_components': 7}",0.0,0.0,0.0,0.0,0.0,0.0,0.0,79,0.0,0.0,0.0,0.0,0.0,0.0,0.0
231,0.4249091625213623,0.011847819434860588,0.004609155654907227,0.0006916373385048012,0.0001,"(50, 50)",8,"{'NN__alpha': 0.0001, 'NN__hidden_layer_sizes': (50, 50), 'gmm__n_components': 8}",0.0,0.0,0.0,0.0,0.0,0.0,0.0,79,0.0,0.0,0.0,0.0,0.0,0.0,0.0
232,0.502026891708374,0.13677889365793014,0.004364538192749024,0.000989804732724591,0.0001,"(50, 50)",9,"{'NN__alpha': 0.0001, 'NN__hidden_layer_sizes': (50, 50), 'gmm__n_components': 9}",0.09302325581395336,0.0,0.0,0.0,0.0,0.018650232178297713,0.03724344450513407,55,0.08203168626449837,0.0,0.0,0.0,0.0,0.016406337252899673,0.032812674505799354
233,0.43323459625244143,0.027174022432748687,0.004129600524902344,0.0002470484711293907,0.0001,"(50, 50)",10,"{'NN__alpha': 0.0001, 'NN__hidden_layer_sizes': (50, 50), 'gmm__n_components': 10}",0.0,0.0,0.0,0.0,0.0,0.0,0.0,79,0.0,0.0,0.0,0.0,0.0,0.0,0.0
234,0.625511360168457,0.15848224365585392,0.005924224853515625,0.0008148766587440832,0.0001,"(50, 50)",15,"{'NN__alpha': 0.0001, 'NN__hidden_layer_sizes': (50, 50), 'gmm__n_components': 15}",0.28832055515137905,0.0,0.0,0.0,0.0,0.05780538692500087,0.11543404390130087,20,0.2571009272387752,0.0,0.0,0.0,0.0,0.05142018544775504,0.10284037089551008
235,0.6922057151794434,0.05599367440839564,0.006315422058105469,0.0010619496608797775,0.0001,"(50, 50)",20,"{'NN__alpha': 0.0001, 'NN__hidden_layer_sizes': (50, 50), 'gmm__n_components': 20}",0.0,0.0,0.0,0.0,0.0,0.0,0.0,79,0.0,0.0,0.0,0.0,0.0,0.0,0.0
236,0.8581876277923584,0.10802936864250506,0.006636381149291992,0.0010344399738907238,0.0001,"(50, 50)",25,"{'NN__alpha': 0.0001, 'NN__hidden_layer_sizes': (50, 50), 'gmm__n_components': 25}",0.0,0.0,0.0,0.0,0.0,0.0,0.0,79,0.0,0.0,0.0,0.0,0.0,0.0,0.0
237,0.9083637714385986,0.08936598481990839,0.007412385940551758,0.0007219573366523102,0.0001,"(50, 50)",30,"{'NN__alpha': 0.0001, 'NN__hidden_layer_sizes': (50, 50), 'gmm__n_components': 30}",0.0,0.0,0.0,0.0,0.0,0.0,0.0,79,0.0,0.0,0.0,0.0,0.0,0.0,0.0
238,1.146723222732544,0.1805395485372836,0.007332944869995117,0.001321552386894291,0.0001,"(50, 50)",35,"{'NN__alpha': 0.0001, 'NN__hidden_layer_sizes': (50, 50), 'gmm__n_components': 35}",0.015999652181474297,0.09254369420344513,0.0,0.0,0.0,0.021761855073497528,0.03598344658249342,48,0.031894091641234676,0.08955263440382778,0.0,0.0,0.0,0.02428934520901249,0.034891391364840194
239,1.1786515712738037,0.14547869312960607,0.00794997215270996,0.0009399736536481085,0.0001,"(50, 50)",40,"{'NN__alpha': 0.0001, 'NN__hidden_layer_sizes': (50, 50), 'gmm__n_components': 40}",0.0,0.0,0.0,0.12276300384679698,0.0,0.024512498522288165,0.049075099251872,37,0.0,0.0,0.0,0.08181818181818183,0.0,0.016363636363636365,0.03272727272727273
240,0.1744466781616211,0.01859139017706163,0.0029771804809570314,0.0002919680733854225,0.0001,"(50,)",2,"{'NN__alpha': 0.0001, 'NN__hidden_layer_sizes': (50,), 'gmm__n_components': 2}",0.0,0.0,0.0,0.0,0.0,0.0,0.0,79,0.0,0.0,0.0,0.0,0.0,0.0,0.0
241,0.19549593925476075,0.011652827342854532,0.0032640933990478516,0.000725721429010132,0.0001,"(50,)",3,"{'NN__alpha': 0.0001, 'NN__hidden_layer_sizes': (50,), 'gmm__n_components': 3}",0.0,0.0,0.0,0.0,0.0,0.0,0.0,79,0.0,0.0,0.0,0.0,0.0,0.0,0.0
242,0.23854703903198243,0.014409769757443737,0.0028778553009033204,0.0001459346548222038,0.0001,"(50,)",4,"{'NN__alpha': 0.0001, 'NN__hidden_layer_sizes': (50,), 'gmm__n_components': 4}",0.0,0.031248009849916113,0.0,0.0,0.0,0.006264913367214705,0.01251067284796828,74,0.0,0.04316658229606438,0.0,0.0,0.0,0.008633316459212876,0.017266632918425756
243,0.225779390335083,0.008706910156841113,0.0033136844635009766,0.00032538375414514043,0.0001,"(50,)",5,"{'NN__alpha': 0.0001, 'NN__hidden_layer_sizes': (50,), 'gmm__n_components': 5}",0.0,0.0,0.0,0.0,0.0,0.0,0.0,79,0.0,0.0,0.0,0.0,0.0,0.0,0.0
244,0.23886542320251464,0.017570414974278793,0.003744363784790039,0.0003102813500380553,0.0001,"(50,)",6,"{'NN__alpha': 0.0001, 'NN__hidden_layer_sizes': (50,), 'gmm__n_components': 6}",0.0,0.0,0.0,0.0,0.0,0.0,0.0,79,0.0,0.0,0.0,0.0,0.0,0.0,0.0
245,0.2793580532073975,0.0400143448371785,0.003315162658691406,0.00034199562132515386,0.0001,"(50,)",7,"{'NN__alpha': 0.0001, 'NN__hidden_layer_sizes': (50,), 'gmm__n_components': 7}",0.0,0.0,0.0,0.0,0.0,0.0,0.0,79,0.0,0.0,0.0,0.0,0.0,0.0,0.0
246,0.2732424259185791,0.01681989779962888,0.004140520095825195,0.00076853146115688,0.0001,"(50,)",8,"{'NN__alpha': 0.0001, 'NN__hidden_layer_sizes': (50,), 'gmm__n_components': 8}",0.0,0.0,0.0,0.0,0.0,0.0,0.0,79,0.01212131213822743,0.0,0.0,0.0,0.0,0.002424262427645486,0.004848524855290972
247,0.29651217460632323,0.04157427010371695,0.004099845886230469,0.0008738393698384809,0.0001,"(50,)",9,"{'NN__alpha': 0.0001, 'NN__hidden_layer_sizes': (50,), 'gmm__n_components': 9}",0.0,0.0,0.0,0.0,0.0,0.0,0.0,79,0.0,0.0,0.0,0.0,0.0,0.0,0.0
248,0.2755063533782959,0.016882388168233536,0.0041445732116699215,0.0003261729147112502,0.0001,"(50,)",10,"{'NN__alpha': 0.0001, 'NN__hidden_layer_sizes': (50,), 'gmm__n_components': 10}",0.0,0.0,0.0,0.0,0.0,0.0,0.0,79,0.0,0.0,0.0,0.0,0.0,0.0,0.0
249,0.44326462745666506,0.035088526742718534,0.005173778533935547,0.00040474272806578614,0.0001,"(50,)",15,"{'NN__alpha': 0.0001, 'NN__hidden_layer_sizes': (50,), 'gmm__n_components': 15}",0.2147901710150001,0.0,0.0,0.0,0.0,0.04306328050974481,0.0859949025052883,33,0.1918023861668331,0.0,0.0,0.0,0.0,0.03836047723336662,0.07672095446673324
250,0.5744904041290283,0.051831348869225274,0.005368995666503906,0.0006530187546198576,0.0001,"(50,)",20,"{'NN__alpha': 0.0001, 'NN__hidden_layer_sizes': (50,), 'gmm__n_components': 20}",0.09302325581395336,0.10605623944995664,0.0,0.12307692307692292,0.047494769536052396,0.07397206609323183,0.04464511899255746,5,0.08565926864403689,0.11750074503919924,0.012162162162162163,0.08538163001293661,0.12773951158422042,0.08568866348851106,0.040463622895291144
251,0.6784855365753174,0.11874296399972789,0.0062754154205322266,0.0005734457819769089,0.0001,"(50,)",25,"{'NN__alpha': 0.0001, 'NN__hidden_layer_sizes': (50,), 'gmm__n_components': 25}",0.0,0.0,0.0,0.0,0.0,0.0,0.0,79,0.0,0.0,0.0,0.0,0.0,0.0,0.0
252,0.8796435832977295,0.12889653544081434,0.007527589797973633,0.0020219214470593894,0.0001,"(50,)",30,"{'NN__alpha': 0.0001, 'NN__hidden_layer_sizes': (50,), 'gmm__n_components': 30}",0.0,0.0,0.0,0.12183078136022225,0.0,0.024326358548447807,0.04870243884425788,40,0.0,0.012178642193316167,0.004067796610169492,0.14625,0.027906976744186046,0.038080683109534344,0.05492182811140065
253,0.9063914299011231,0.06983609663238816,0.007667255401611328,0.0008262575525557496,0.0001,"(50,)",35,"{'NN__alpha': 0.0001, 'NN__hidden_layer_sizes': (50,), 'gmm__n_components': 35}",0.2986861461979401,0.0,0.0,0.0,0.0,0.05988358423160007,0.11958408478653512,16,0.28882921672739814,0.008097232940138848,0.0,0.0,0.0,0.059385289933507404,0.11476481892480424
254,1.2199493885040282,0.42647100528995113,0.010763072967529297,0.006102792221278797,0.0001,"(50,)",40,"{'NN__alpha': 0.0001, 'NN__hidden_layer_sizes': (50,), 'gmm__n_components': 40}",0.0,0.0,0.0,0.0,0.0,0.0,0.0,79,0.0,0.0,0.0,0.0,0.0,0.0,0.0
255,0.19393653869628907,0.014359973436395411,0.004059457778930664,0.0006975687375521289,0.0001,"(25,)",2,"{'NN__alpha': 0.0001, 'NN__hidden_layer_sizes': (25,), 'gmm__n_components': 2}",0.0,0.0,0.0,0.0,0.0,0.0,0.0,79,0.0,0.0,0.0,0.0,0.0,0.0,0.0
256,0.15377225875854492,0.014156608320437466,0.0040680885314941405,0.0003718188734337815,0.0001,"(25,)",3,"{'NN__alpha': 0.0001, 'NN__hidden_layer_sizes': (25,), 'gmm__n_components': 3}",0.0,0.0,0.0,0.0,0.0,0.0,0.0,79,0.0,0.0,0.0,0.0,0.0,0.0,0.0
257,0.162811803817749,0.018697523560221283,0.0037049770355224608,0.0006247727526495336,0.0001,"(25,)",4,"{'NN__alpha': 0.0001, 'NN__hidden_layer_sizes': (25,), 'gmm__n_components': 4}",0.0,0.0,0.0,0.0,0.0,0.0,0.0,79,0.0,0.0,0.0,0.0,0.0,0.0,0.0
258,0.20492868423461913,0.016865961424975012,0.007262229919433594,0.003931937502312794,0.0001,"(25,)",5,"{'NN__alpha': 0.0001, 'NN__hidden_layer_sizes': (25,), 'gmm__n_components': 5}",0.0,0.03182977987285383,0.08956316602944754,0.0,0.0,0.02426492858553331,0.034871599292677025,44,0.0,0.012072599964661467,0.05739795918367347,0.0,0.012162162162162163,0.01632654426209942,0.021238697413469884
259,0.25544424057006837,0.024340960164054574,0.004991388320922852,0.0011205506282942737,0.0001,"(25,)",6,"{'NN__alpha': 0.0001, 'NN__hidden_layer_sizes': (25,), 'gmm__n_components': 6}",0.0,0.0,0.0,0.0,0.0,0.0,0.0,79,0.0,0.0,0.0,0.0,0.0,0.0,0.0
260,0.3046273708343506,0.06264894323756216,0.0067065715789794925,0.0029038635590368455,0.0001,"(25,)",7,"{'NN__alpha': 0.0001, 'NN__hidden_layer_sizes': (25,), 'gmm__n_components': 7}",0.0,0.0,0.0,0.0,0.0,0.0,0.0,79,0.0,0.0,0.0,0.0,0.0,0.0,0.0
261,0.29156017303466797,0.034388970749176295,0.004629182815551758,0.0010425029121174305,0.0001,"(25,)",8,"{'NN__alpha': 0.0001, 'NN__hidden_layer_sizes': (25,), 'gmm__n_components': 8}",0.0,0.0,0.0,0.0,0.0,0.0,0.0,79,0.0,0.0,0.0,0.0,0.0,0.0,0.0
262,0.3144505977630615,0.07028210441533708,0.008243417739868164,0.004037177712788711,0.0001,"(25,)",9,"{'NN__alpha': 0.0001, 'NN__hidden_layer_sizes': (25,), 'gmm__n_components': 9}",0.0,0.0,0.07634222952592921,0.0,0.0,0.015243507651359487,0.030518172199253495,63,0.0,0.0,0.04639175257731958,0.0,0.0,0.009278350515463916,0.01855670103092783
263,0.3743083953857422,0.028656045107562613,0.0071236610412597655,0.0008961543054475677,0.0001,"(25,)",10,"{'NN__alpha': 0.0001, 'NN__hidden_layer_sizes': (25,), 'gmm__n_components': 10}",0.0,0.0,0.0,0.0,0.0,0.0,0.0,79,0.0,0.004078861694934991,0.0,0.0,0.0,0.0008157723389869982,0.0016315446779739966
264,0.3891161918640137,0.036515432905179154,0.004704427719116211,0.0005709818730275475,0.0001,"(25,)",15,"{'NN__alpha': 0.0001, 'NN__hidden_layer_sizes': (25,), 'gmm__n_components': 15}",0.0,0.0,0.0,0.0,0.0,0.0,0.0,79,0.0,0.0,0.0,0.0,0.0,0.0,0.0
265,0.5040626525878906,0.06775219779374853,0.005524587631225586,0.0012620452534297536,0.0001,"(25,)",20,"{'NN__alpha': 0.0001, 'NN__hidden_layer_sizes': (25,), 'gmm__n_components': 20}",0.0,0.0,0.0,0.0,0.0,0.0,0.0,79,0.0,0.0,0.0,0.0,0.0,0.0,0.0
266,0.6466739654541016,0.1199265705612027,0.006424427032470703,0.0008563223121123792,0.0001,"(25,)",25,"{'NN__alpha': 0.0001, 'NN__hidden_layer_sizes': (25,), 'gmm__n_components': 25}",0.0,0.0,0.0,0.0,0.0,0.0,0.0,79,0.0,0.0,0.0,0.0,0.0,0.0,0.0
267,0.6733228683471679,0.10826375733331647,0.0062579154968261715,0.0006734676346742042,0.0001,"(25,)",30,"{'NN__alpha': 0.0001, 'NN__hidden_layer_sizes': (25,), 'gmm__n_components': 30}",0.0,0.0,0.07833009625851056,0.14963101887715563,0.0,0.0455177563500779,0.06019821351915434,28,0.0,0.008108160319689967,0.09671179883945841,0.1906474820143885,0.0,0.05909348823470737,0.07523984973168509
268,0.6853858470916748,0.05867863159731145,0.006454372406005859,0.0003152472331810289,0.0001,"(25,)",35,"{'NN__alpha': 0.0001, 'NN__hidden_layer_sizes': (25,), 'gmm__n_components': 35}",0.0,0.0,0.3080875069256726,0.0,0.0,0.061516860304881134,0.1231594577101387,11,0.0,0.0,0.2852564102564104,0.0,0.0,0.057051282051282085,0.11410256410256417
269,0.7522837162017822,0.09056611613204607,0.0065384387969970705,0.0004430422931397792,0.0001,"(25,)",40,"{'NN__alpha': 0.0001, 'NN__hidden_layer_sizes': (25,), 'gmm__n_components': 40}",0.0,0.0,0.0,0.0,0.0,0.0,0.0,79,0.0,0.0,0.0,0.0,0.0,0.0,0.0
270,0.20306406021118165,0.016278653404241946,0.0043484210968017575,0.0011334130135436877,0.0001,"(25, 25)",2,"{'NN__alpha': 0.0001, 'NN__hidden_layer_sizes': (25, 25), 'gmm__n_components': 2}",0.0,0.0,0.0,0.0,0.0,0.0,0.0,79,0.0,0.0,0.0,0.0,0.0,0.0,0.0
271,0.1692437171936035,0.017493691321799017,0.005280828475952149,0.0035427916902977595,0.0001,"(25, 25)",3,"{'NN__alpha': 0.0001, 'NN__hidden_layer_sizes': (25, 25), 'gmm__n_components': 3}",0.0,0.0,0.0,0.0,0.0,0.0,0.0,79,0.0,0.0,0.0,0.0,0.0,0.0,0.0
272,0.18991994857788086,0.015536124644008692,0.004313850402832031,0.0021263558157793446,0.0001,"(25, 25)",4,"{'NN__alpha': 0.0001, 'NN__hidden_layer_sizes': (25, 25), 'gmm__n_components': 4}",0.0,0.0,0.0,0.0,0.0,0.0,0.0,79,0.0,0.0,0.0,0.0,0.0,0.0,0.0
273,0.1822817802429199,0.010366981065170254,0.003742551803588867,0.00066277163586041,0.0001,"(25, 25)",5,"{'NN__alpha': 0.0001, 'NN__hidden_layer_sizes': (25, 25), 'gmm__n_components': 5}",0.0,0.0,0.0,0.0,0.0,0.0,0.0,79,0.0,0.0,0.0,0.0,0.0,0.0,0.0
274,0.2352609157562256,0.02011431034388122,0.004515838623046875,0.0018024345453181495,0.0001,"(25, 25)",6,"{'NN__alpha': 0.0001, 'NN__hidden_layer_sizes': (25, 25), 'gmm__n_components': 6}",0.0,0.0,0.047370119393352644,0.016260162601625994,0.0,0.012705270680091694,0.018423380219593714,67,0.004081632653061195,0.0,0.023968042609853527,0.0,0.0,0.005609935052582944,0.009314182038067494
275,0.26798162460327146,0.04739003560025544,0.003818225860595703,0.0005161932024024442,0.0001,"(25, 25)",7,"{'NN__alpha': 0.0001, 'NN__hidden_layer_sizes': (25, 25), 'gmm__n_components': 7}",0.0,0.0,0.0,0.0,0.0,0.0,0.0,79,0.0,0.0,0.0,0.0,0.0,0.0,0.0
276,0.23972983360290528,0.014721088948241052,0.005394458770751953,0.003493573015825291,0.0001,"(25, 25)",8,"{'NN__alpha': 0.0001, 'NN__hidden_layer_sizes': (25, 25), 'gmm__n_components': 8}",0.0,0.0,0.0,0.0,0.0,0.0,0.0,79,0.0,0.0,0.0,0.0,0.0,0.0,0.0
277,0.3044410228729248,0.05006480538045221,0.003907203674316406,0.00022633973690218943,0.0001,"(25, 25)",9,"{'NN__alpha': 0.0001, 'NN__hidden_layer_sizes': (25, 25), 'gmm__n_components': 9}",0.0,0.0,0.0,0.0,0.0,0.0,0.0,79,0.0,0.0,0.0,0.0,0.0,0.0,0.0
278,0.25750460624694826,0.015992290054131632,0.004662084579467774,0.001417096717069478,0.0001,"(25, 25)",10,"{'NN__alpha': 0.0001, 'NN__hidden_layer_sizes': (25, 25), 'gmm__n_components': 10}",0.0,0.0,0.0,0.0,0.0,0.0,0.0,79,0.0,0.0,0.0,0.0,0.0,0.0,0.0
279,0.43126668930053713,0.03027987444724522,0.005136346817016602,0.0007842039258775069,0.0001,"(25, 25)",15,"{'NN__alpha': 0.0001, 'NN__hidden_layer_sizes': (25, 25), 'gmm__n_components': 15}",0.0,0.0,0.0,0.0,0.0,0.0,0.0,79,0.0,0.0,0.0,0.0,0.0,0.0,0.0
280,0.48903303146362304,0.07525489142881173,0.006035900115966797,0.0016949328384172212,0.0001,"(25, 25)",20,"{'NN__alpha': 0.0001, 'NN__hidden_layer_sizes': (25, 25), 'gmm__n_components': 20}",0.0,0.0,0.0,0.0,0.0,0.0,0.0,79,0.0,0.0,0.0,0.0,0.0,0.0,0.0
281,0.818434762954712,0.15285133086195324,0.008176326751708984,0.0020019871429716534,0.0001,"(25, 25)",25,"{'NN__alpha': 0.0001, 'NN__hidden_layer_sizes': (25, 25), 'gmm__n_components': 25}",0.0,0.0,0.0,0.0,0.0,0.0,0.0,79,0.004076094496578716,0.0,0.0,0.0,0.0,0.0008152188993157432,0.0016304377986314867
282,0.7969322204589844,0.12566886856490836,0.011530542373657226,0.0031857598796604016,0.0001,"(25, 25)",30,"{'NN__alpha': 0.0001, 'NN__hidden_layer_sizes': (25, 25), 'gmm__n_components': 30}",0.0,0.0,0.0,0.0,0.0,0.0,0.0,79,0.0,0.0,0.0,0.0,0.0,0.0,0.0
283,0.9002209663391113,0.10407442206997594,0.012382936477661134,0.0029634845678791124,0.0001,"(25, 25)",35,"{'NN__alpha': 0.0001, 'NN__hidden_layer_sizes': (25, 25), 'gmm__n_components': 35}",0.0,0.0,0.0,0.0,0.04787268734917489,0.009558899188953255,0.01913733624542531,69,0.0,0.0,0.016064257028112452,0.0040595399188092015,0.10032154340836014,0.024089068071056357,0.03856821563773263
284,0.9546624660491944,0.07254313671021703,0.0070950984954833984,0.0003611902196484004,0.0001,"(25, 25)",40,"{'NN__alpha': 0.0001, 'NN__hidden_layer_sizes': (25, 25), 'gmm__n_components': 40}",0.09113422486379384,0.0,0.0161293866877623,0.0,0.0,0.02149210881928891,0.03542872733993988,51,0.046967983278246604,0.00814112013832694,0.01596806387225549,0.0,0.008080808080808083,0.015831595073927424,0.01636673944605702
285,0.6880005836486817,0.07237177793005269,0.004380989074707031,0.0003010965722589123,0.0001,"(100, 25, 100)",2,"{'NN__alpha': 0.0001, 'NN__hidden_layer_sizes': (100, 25, 100), 'gmm__n_components': 2}",0.0,0.0,0.0,0.0,0.0,0.0,0.0,79,0.0,0.0,0.0,0.0,0.0,0.0,0.0
286,0.591774845123291,0.02073716457934539,0.004331159591674805,0.00045715053543813786,0.0001,"(100, 25, 100)",3,"{'NN__alpha': 0.0001, 'NN__hidden_layer_sizes': (100, 25, 100), 'gmm__n_components': 3}",0.0,0.0,0.0,0.0,0.0,0.0,0.0,79,0.0,0.0,0.0,0.0,0.0,0.0,0.0
287,0.6565088748931884,0.03841227286177552,0.004828166961669922,0.00024598925836225326,0.0001,"(100, 25, 100)",4,"{'NN__alpha': 0.0001, 'NN__hidden_layer_sizes': (100, 25, 100), 'gmm__n_components': 4}",0.0,0.0,0.0,0.0,0.0,0.0,0.0,79,0.0,0.0,0.0,0.0,0.0,0.0,0.0
288,0.7058418750762939,0.009085674973319515,0.005417060852050781,0.0005173807845832734,0.0001,"(100, 25, 100)",5,"{'NN__alpha': 0.0001, 'NN__hidden_layer_sizes': (100, 25, 100), 'gmm__n_components': 5}",0.0,0.0,0.0,0.0,0.0,0.0,0.0,79,0.0,0.0,0.0,0.0,0.0,0.0,0.0
289,0.7297421932220459,0.02330014292805313,0.005578279495239258,0.0008450062883936969,0.0001,"(100, 25, 100)",6,"{'NN__alpha': 0.0001, 'NN__hidden_layer_sizes': (100, 25, 100), 'gmm__n_components': 6}",0.0,0.0,0.0,0.0,0.0,0.0,0.0,79,0.0,0.0,0.0,0.0,0.0,0.0,0.0
290,0.7839878082275391,0.05126100646914128,0.005599832534790039,0.0008285783570172678,0.0001,"(100, 25, 100)",7,"{'NN__alpha': 0.0001, 'NN__hidden_layer_sizes': (100, 25, 100), 'gmm__n_components': 7}",0.0,0.0,0.0,0.0,0.0,0.0,0.0,79,0.0,0.0,0.0,0.0,0.0,0.0,0.0
291,0.7308781623840332,0.028277760545121475,0.0059071540832519535,0.00021118388310865268,0.0001,"(100, 25, 100)",8,"{'NN__alpha': 0.0001, 'NN__hidden_layer_sizes': (100, 25, 100), 'gmm__n_components': 8}",0.0,0.0,0.0,0.0,0.0,0.0,0.0,79,0.0,0.0,0.0,0.0,0.0,0.0,0.0
292,0.8501427173614502,0.19108746803289034,0.0053193092346191405,0.0006540318417011121,0.0001,"(100, 25, 100)",9,"{'NN__alpha': 0.0001, 'NN__hidden_layer_sizes': (100, 25, 100), 'gmm__n_components': 9}",0.09302325581395336,0.0,0.0,0.0,0.0,0.018650232178297713,0.03724344450513407,55,0.08203168626449837,0.0,0.0,0.0,0.0,0.016406337252899673,0.032812674505799354
293,0.6947537899017334,0.018535254417533044,0.005511951446533203,0.0005119421397654727,0.0001,"(100, 25, 100)",10,"{'NN__alpha': 0.0001, 'NN__hidden_layer_sizes': (100, 25, 100), 'gmm__n_components': 10}",0.0,0.0,0.0,0.0,0.0,0.0,0.0,79,0.0,0.0,0.0,0.0,0.0,0.0,0.0
294,0.9737240314483643,0.27102624783772866,0.0064678192138671875,0.0008137302317291762,0.0001,"(100, 25, 100)",15,"{'NN__alpha': 0.0001, 'NN__hidden_layer_sizes': (100, 25, 100), 'gmm__n_components': 15}",0.28832055515137905,0.0,0.0,0.0,0.0,0.05780538692500087,0.11543404390130087,20,0.2571009272387752,0.0,0.0,0.0,0.0,0.05142018544775504,0.10284037089551008
295,0.9915944099426269,0.05410712874091696,0.006495857238769531,0.0007435263047762569,0.0001,"(100, 25, 100)",20,"{'NN__alpha': 0.0001, 'NN__hidden_layer_sizes': (100, 25, 100), 'gmm__n_components': 20}",0.0,0.0,0.0,0.0,0.0,0.0,0.0,79,0.0,0.0,0.0,0.0,0.0,0.0,0.0
296,1.1421921730041504,0.0959022016945485,0.006650304794311524,0.0002596142349168448,0.0001,"(100, 25, 100)",25,"{'NN__alpha': 0.0001, 'NN__hidden_layer_sizes': (100, 25, 100), 'gmm__n_components': 25}",0.0,0.0,0.0,0.0,0.0,0.0,0.0,79,0.0,0.0,0.0,0.0,0.0,0.0,0.0
297,1.2886931896209717,0.23615466350060046,0.007622432708740234,0.001158374801398389,0.0001,"(100, 25, 100)",30,"{'NN__alpha': 0.0001, 'NN__hidden_layer_sizes': (100, 25, 100), 'gmm__n_components': 30}",0.0,0.09230576283940542,0.0,0.22749990314207097,0.0,0.06393204662744825,0.08919233948521806,8,0.0,0.085437796668195,0.0,0.21505376344086022,0.0,0.06009831202181104,0.0842480892723847
298,1.2087275028228759,0.07103628262356512,0.007828044891357421,0.0010844492634456949,0.0001,"(100, 25, 100)",35,"{'NN__alpha': 0.0001, 'NN__hidden_layer_sizes': (100, 25, 100), 'gmm__n_components': 35}",0.0,0.0,0.0,0.0,0.0,0.0,0.0,79,0.0,0.0,0.012162162162162163,0.0,0.0,0.0024324324324324327,0.0048648648648648655
299,1.2002471923828124,0.140162232389101,0.005910634994506836,0.0005819714786671346,0.0001,"(100, 25, 100)",40,"{'NN__alpha': 0.0001, 'NN__hidden_layer_sizes': (100, 25, 100), 'gmm__n_components': 40}",0.0,0.2888024827881422,0.0,0.20145069594197196,0.31173243673686046,0.16037099670433927,0.1360525089755635,1,0.0,0.35389984568604316,0.0,0.19736842105263155,0.3267485317672184,0.17560335970117863,0.15282754838427484
