,mean_fit_time,std_fit_time,mean_score_time,std_score_time,param_NN__alpha,param_NN__hidden_layer_sizes,param_km__n_clusters,params,split0_test_score,split1_test_score,split2_test_score,split3_test_score,split4_test_score,mean_test_score,std_test_score,rank_test_score,split0_train_score,split1_train_score,split2_train_score,split3_train_score,split4_train_score,mean_train_score,std_train_score
0,0.3319276809692383,0.06594572480166397,0.0028133392333984375,0.00033056455271203346,0.1,"(50, 50)",2,"{'NN__alpha': 0.1, 'NN__hidden_layer_sizes': (50, 50), 'km__n_clusters': 2}",0.0,0.0,0.0,0.0,0.0,0.0,0.0,16,0.0,0.0,0.0,0.0,0.0,0.0,0.0
1,0.3771787643432617,0.045592202755930566,0.0026728153228759766,0.0003616698287872912,0.1,"(50, 50)",3,"{'NN__alpha': 0.1, 'NN__hidden_layer_sizes': (50, 50), 'km__n_clusters': 3}",0.0,0.0,0.0,0.0,0.0,0.0,0.0,16,0.0,0.0,0.0,0.0,0.0,0.0,0.0
2,0.4339188575744629,0.007905220052897337,0.003564786911010742,0.0008932134521153701,0.1,"(50, 50)",4,"{'NN__alpha': 0.1, 'NN__hidden_layer_sizes': (50, 50), 'km__n_clusters': 4}",0.0,0.0,0.0,0.0,0.0,0.0,0.0,16,0.0,0.0,0.0,0.0,0.0,0.0,0.0
3,0.45431084632873536,0.012156809977177252,0.002868843078613281,0.00011226284064425378,0.1,"(50, 50)",5,"{'NN__alpha': 0.1, 'NN__hidden_layer_sizes': (50, 50), 'km__n_clusters': 5}",0.0,0.0,0.0,0.0,0.0,0.0,0.0,16,0.0,0.0,0.0,0.0,0.0,0.0,0.0
4,0.5011370182037354,0.009448149933652625,0.0031948089599609375,0.0003450633339073491,0.1,"(50, 50)",6,"{'NN__alpha': 0.1, 'NN__hidden_layer_sizes': (50, 50), 'km__n_clusters': 6}",0.0,0.0,0.0,0.0,0.0,0.0,0.0,16,0.0,0.0,0.0,0.0,0.0,0.0,0.0
5,0.5153119087219238,0.01943625150263468,0.0032881736755371095,0.00034015106404436873,0.1,"(50, 50)",7,"{'NN__alpha': 0.1, 'NN__hidden_layer_sizes': (50, 50), 'km__n_clusters': 7}",0.0,0.0,0.0,0.0,0.0,0.0,0.0,16,0.0,0.0,0.0,0.0,0.0,0.0,0.0
6,0.5880837917327881,0.02513794540455097,0.003455972671508789,0.0003364511289977881,0.1,"(50, 50)",8,"{'NN__alpha': 0.1, 'NN__hidden_layer_sizes': (50, 50), 'km__n_clusters': 8}",0.0,0.0,0.0,0.0,0.0,0.0,0.0,16,0.0,0.0,0.0,0.0,0.0,0.0,0.0
7,0.6154692649841309,0.022451133423728616,0.0032672882080078125,0.00010613081937375472,0.1,"(50, 50)",9,"{'NN__alpha': 0.1, 'NN__hidden_layer_sizes': (50, 50), 'km__n_clusters': 9}",0.0,0.0,0.0,0.0,0.0,0.0,0.0,16,0.0,0.0,0.0,0.0,0.0,0.0,0.0
8,0.6572300434112549,0.01952406119889326,0.004075193405151367,0.0012312153397661316,0.1,"(50, 50)",10,"{'NN__alpha': 0.1, 'NN__hidden_layer_sizes': (50, 50), 'km__n_clusters': 10}",0.0,0.0,0.0,0.0,0.0,0.0,0.0,16,0.0,0.0,0.0,0.0,0.0,0.0,0.0
9,0.7218984603881836,0.009272526013159452,0.004219913482666015,0.00045183096375167917,0.1,"(50, 50)",15,"{'NN__alpha': 0.1, 'NN__hidden_layer_sizes': (50, 50), 'km__n_clusters': 15}",0.0,0.0,0.0,0.0,0.0,0.0,0.0,16,0.0,0.0,0.0,0.0,0.0,0.0,0.0
10,0.7673678398132324,0.023708725952165697,0.005282258987426758,0.0008639651079163709,0.1,"(50, 50)",20,"{'NN__alpha': 0.1, 'NN__hidden_layer_sizes': (50, 50), 'km__n_clusters': 20}",0.0,0.0,0.0,0.0,0.0,0.0,0.0,16,0.0,0.0,0.0,0.0,0.0,0.0,0.0
11,0.839188814163208,0.01230990838883532,0.004742908477783203,0.0005715725189289299,0.1,"(50, 50)",25,"{'NN__alpha': 0.1, 'NN__hidden_layer_sizes': (50, 50), 'km__n_clusters': 25}",0.0,0.0,0.0,0.0,0.0,0.0,0.0,16,0.0,0.0,0.0,0.0,0.0,0.0,0.0
12,0.935185718536377,0.032955984051543,0.00434722900390625,0.0004878737800252875,0.1,"(50, 50)",30,"{'NN__alpha': 0.1, 'NN__hidden_layer_sizes': (50, 50), 'km__n_clusters': 30}",0.0,0.0,0.0,0.0,0.0,0.0,0.0,16,0.0,0.0,0.0,0.0,0.0,0.0,0.0
13,1.052453374862671,0.019079293465884578,0.004579973220825195,0.0005081318786715282,0.1,"(50, 50)",35,"{'NN__alpha': 0.1, 'NN__hidden_layer_sizes': (50, 50), 'km__n_clusters': 35}",0.0,0.0,0.0,0.0,0.0,0.0,0.0,16,0.0,0.0,0.0,0.0,0.0,0.0,0.0
14,1.1097533702850342,0.022130021738146204,0.004811573028564453,0.0003868888271164435,0.1,"(50, 50)",40,"{'NN__alpha': 0.1, 'NN__hidden_layer_sizes': (50, 50), 'km__n_clusters': 40}",0.0,0.0,0.0,0.0,0.0,0.0,0.0,16,0.0,0.0,0.0,0.0,0.0,0.0,0.0
15,0.2370542049407959,0.014692909603042622,0.0026376724243164064,0.00034554847505519006,0.1,"(50,)",2,"{'NN__alpha': 0.1, 'NN__hidden_layer_sizes': (50,), 'km__n_clusters': 2}",0.0,0.0,0.0,0.0,0.0,0.0,0.0,16,0.0,0.0,0.0,0.0,0.0,0.0,0.0
16,0.3325503349304199,0.02148856262430352,0.0035392284393310548,0.001017299100190743,0.1,"(50,)",3,"{'NN__alpha': 0.1, 'NN__hidden_layer_sizes': (50,), 'km__n_clusters': 3}",0.0,0.0,0.0,0.0,0.0,0.0,0.0,16,0.0,0.0,0.0,0.0,0.0,0.0,0.0
17,0.3313918113708496,0.0170021281833053,0.003894996643066406,0.0010357297513100211,0.1,"(50,)",4,"{'NN__alpha': 0.1, 'NN__hidden_layer_sizes': (50,), 'km__n_clusters': 4}",0.0,0.0,0.0,0.0,0.0,0.0,0.0,16,0.0,0.0,0.0,0.0,0.0,0.0,0.0
18,0.33423771858215334,0.01312373511122629,0.0032601356506347656,0.0006177961181966987,0.1,"(50,)",5,"{'NN__alpha': 0.1, 'NN__hidden_layer_sizes': (50,), 'km__n_clusters': 5}",0.0,0.0,0.0,0.0,0.0,0.0,0.0,16,0.0,0.0,0.0,0.0,0.0,0.0,0.0
19,0.35371737480163573,0.014674205893283785,0.0028853416442871094,0.0005545907451624643,0.1,"(50,)",6,"{'NN__alpha': 0.1, 'NN__hidden_layer_sizes': (50,), 'km__n_clusters': 6}",0.0,0.0,0.0,0.0,0.0,0.0,0.0,16,0.0,0.0,0.0,0.0,0.0,0.0,0.0
20,0.3692444324493408,0.013595402363002627,0.003046607971191406,0.0002961659197205753,0.1,"(50,)",7,"{'NN__alpha': 0.1, 'NN__hidden_layer_sizes': (50,), 'km__n_clusters': 7}",0.0,0.0,0.0,0.0,0.0,0.0,0.0,16,0.0,0.0,0.0,0.0,0.0,0.0,0.0
21,0.4140320301055908,0.013792365038230954,0.0033135414123535156,0.0008586173820483231,0.1,"(50,)",8,"{'NN__alpha': 0.1, 'NN__hidden_layer_sizes': (50,), 'km__n_clusters': 8}",0.0,0.0,0.0,0.0,0.0,0.0,0.0,16,0.0,0.0,0.0,0.0,0.0,0.0,0.0
22,0.43330111503601076,0.025862727463849867,0.0033838748931884766,0.0007804284966405482,0.1,"(50,)",9,"{'NN__alpha': 0.1, 'NN__hidden_layer_sizes': (50,), 'km__n_clusters': 9}",0.0,0.0,0.0,0.0,0.0,0.0,0.0,16,0.0,0.0,0.0,0.0,0.0,0.0,0.0
23,0.4781816005706787,0.014441420718784731,0.0035901546478271486,0.0007929913823387335,0.1,"(50,)",10,"{'NN__alpha': 0.1, 'NN__hidden_layer_sizes': (50,), 'km__n_clusters': 10}",0.0,0.0,0.0,0.0,0.0,0.0,0.0,16,0.0,0.0,0.0,0.0,0.0,0.0,0.0
24,0.48304996490478513,0.024780438955724193,0.0041767597198486325,0.0011408357221594423,0.1,"(50,)",15,"{'NN__alpha': 0.1, 'NN__hidden_layer_sizes': (50,), 'km__n_clusters': 15}",0.0,0.0,0.0,0.0,0.0,0.0,0.0,16,0.0,0.0,0.0,0.0,0.0,0.0,0.0
25,0.5449226379394532,0.05356775207296414,0.0044533729553222655,0.0011890139624856088,0.1,"(50,)",20,"{'NN__alpha': 0.1, 'NN__hidden_layer_sizes': (50,), 'km__n_clusters': 20}",0.0,0.0,0.0,0.0,0.0,0.0,0.0,16,0.0,0.0,0.0,0.0,0.0,0.0,0.0
26,0.6553304195404053,0.017098697215479516,0.0034017086029052733,0.0005289830447626006,0.1,"(50,)",25,"{'NN__alpha': 0.1, 'NN__hidden_layer_sizes': (50,), 'km__n_clusters': 25}",0.0,0.0,0.0,0.0,0.0,0.0,0.0,16,0.0,0.0,0.0,0.0,0.0,0.0,0.0
27,0.7815199851989746,0.04296462900574066,0.003482818603515625,0.0005893983880746387,0.1,"(50,)",30,"{'NN__alpha': 0.1, 'NN__hidden_layer_sizes': (50,), 'km__n_clusters': 30}",0.0,0.0,0.0,0.0,0.0,0.0,0.0,16,0.0,0.0,0.0,0.0,0.0,0.0,0.0
28,0.9410556316375732,0.048434882132464115,0.003625917434692383,0.0008525625088346885,0.1,"(50,)",35,"{'NN__alpha': 0.1, 'NN__hidden_layer_sizes': (50,), 'km__n_clusters': 35}",0.0,0.0,0.0,0.0,0.0,0.0,0.0,16,0.0,0.0,0.0,0.0,0.0,0.0,0.0
29,0.9974936008453369,0.10454728804150566,0.006682062149047851,0.004769312340441055,0.1,"(50,)",40,"{'NN__alpha': 0.1, 'NN__hidden_layer_sizes': (50,), 'km__n_clusters': 40}",0.0,0.0,0.0,0.0,0.0,0.0,0.0,16,0.0,0.0,0.0,0.0,0.0,0.0,0.0
30,0.1854522705078125,0.01821966388272004,0.0022746562957763673,4.868822619986305e-05,0.1,"(25,)",2,"{'NN__alpha': 0.1, 'NN__hidden_layer_sizes': (25,), 'km__n_clusters': 2}",0.0,0.0,0.0,0.0,0.0,0.0,0.0,16,0.0,0.0,0.0,0.0,0.0,0.0,0.0
31,0.23475308418273927,0.015965270747432488,0.0029284000396728516,0.0004298161211617627,0.1,"(25,)",3,"{'NN__alpha': 0.1, 'NN__hidden_layer_sizes': (25,), 'km__n_clusters': 3}",0.0,0.0,0.0,0.0,0.0,0.0,0.0,16,0.0,0.0,0.0,0.0,0.0,0.0,0.0
32,0.34859490394592285,0.0431798676090519,0.004103660583496094,0.0013050778745042533,0.1,"(25,)",4,"{'NN__alpha': 0.1, 'NN__hidden_layer_sizes': (25,), 'km__n_clusters': 4}",0.0,0.0,0.016172744298777107,0.030538797586852462,0.0,0.009327049400601412,0.012306551854077847,7,0.0,0.0,0.02401601067378252,0.07233502538071065,0.0,0.019270207210898636,0.02811554813890863
33,0.3517157077789307,0.02672364487378657,0.0056534290313720705,0.004035078918806657,0.1,"(25,)",5,"{'NN__alpha': 0.1, 'NN__hidden_layer_sizes': (25,), 'km__n_clusters': 5}",0.0,0.0,0.0,0.0,0.0,0.0,0.0,16,0.0,0.0,0.0,0.0,0.0,0.0,0.0
34,0.35312719345092775,0.02389376562878603,0.0035527229309082033,0.0013697479441562408,0.1,"(25,)",6,"{'NN__alpha': 0.1, 'NN__hidden_layer_sizes': (25,), 'km__n_clusters': 6}",0.0,0.0,0.0,0.0,0.0,0.0,0.0,16,0.0,0.0,0.0,0.0,0.0,0.0,0.0
35,0.4819191932678223,0.06475522258702072,0.0030714035034179687,0.0010504114312609256,0.1,"(25,)",7,"{'NN__alpha': 0.1, 'NN__hidden_layer_sizes': (25,), 'km__n_clusters': 7}",0.0,0.0,0.0,0.0,0.0,0.0,0.0,16,0.0,0.0,0.0,0.0,0.0,0.0,0.0
36,0.5312014102935791,0.08147459836376807,0.003524160385131836,0.0012466390994445408,0.1,"(25,)",8,"{'NN__alpha': 0.1, 'NN__hidden_layer_sizes': (25,), 'km__n_clusters': 8}",0.0,0.0,0.0,0.016172744298777107,0.0,0.0032292658073099245,0.006465132057440623,15,0.0,0.0,0.0,0.02010723860589812,0.0,0.004021447721179624,0.00804289544235925
37,0.3338233470916748,0.020494632347792585,0.0033986568450927734,0.000889635611278025,0.1,"(25,)",9,"{'NN__alpha': 0.1, 'NN__hidden_layer_sizes': (25,), 'km__n_clusters': 9}",0.0,0.0,0.0,0.0,0.0,0.0,0.0,16,0.0,0.0,0.0,0.0,0.0,0.0,0.0
38,0.41229023933410647,0.020696599803363795,0.0024089813232421875,8.36868910815774e-05,0.1,"(25,)",10,"{'NN__alpha': 0.1, 'NN__hidden_layer_sizes': (25,), 'km__n_clusters': 10}",0.0,0.0,0.0,0.0,0.0,0.0,0.0,16,0.0,0.0,0.0,0.0,0.0,0.0,0.0
39,0.46036543846130373,0.044364307373273765,0.003942728042602539,0.0019944247092167754,0.1,"(25,)",15,"{'NN__alpha': 0.1, 'NN__hidden_layer_sizes': (25,), 'km__n_clusters': 15}",0.0,0.0,0.0,0.0,0.0,0.0,0.0,16,0.0,0.0,0.0,0.0,0.0,0.0,0.0
40,0.8106897830963135,0.11233629118521808,0.004949617385864258,0.0031085362200568823,0.1,"(25,)",20,"{'NN__alpha': 0.1, 'NN__hidden_layer_sizes': (25,), 'km__n_clusters': 20}",0.0,0.0,0.0,0.0,0.0,0.0,0.0,16,0.0,0.0,0.0,0.0,0.0,0.0,0.0
41,0.8928874492645263,0.10987879956982423,0.00556793212890625,0.0017638060400802123,0.1,"(25,)",25,"{'NN__alpha': 0.1, 'NN__hidden_layer_sizes': (25,), 'km__n_clusters': 25}",0.0,0.0,0.0,0.0,0.0,0.0,0.0,16,0.0,0.0,0.0,0.0,0.0,0.0,0.0
42,0.7838306427001953,0.0625882184262878,0.005970811843872071,0.0021464967155174343,0.1,"(25,)",30,"{'NN__alpha': 0.1, 'NN__hidden_layer_sizes': (25,), 'km__n_clusters': 30}",0.0,0.0,0.0,0.0,0.0,0.0,0.0,16,0.0,0.0,0.0,0.0,0.0,0.0,0.0
43,1.1436028957366944,0.08531475191991343,0.005177450180053711,0.002812153256706,0.1,"(25,)",35,"{'NN__alpha': 0.1, 'NN__hidden_layer_sizes': (25,), 'km__n_clusters': 35}",0.0,0.09183355168756618,0.0,0.0,0.0,0.018411708402856268,0.0367671261993413,1,0.0,0.12445269388210838,0.0,0.0,0.0,0.024890538776421674,0.04978107755284334
44,0.9330108642578125,0.0833754931281203,0.0067729949951171875,0.00490180962452987,0.1,"(25,)",40,"{'NN__alpha': 0.1, 'NN__hidden_layer_sizes': (25,), 'km__n_clusters': 40}",0.0,0.0,0.0,0.0,0.0,0.0,0.0,16,0.0,0.0,0.0,0.0,0.0,0.0,0.0
45,0.24354662895202636,0.02322720467494646,0.005844640731811524,0.002173738706826996,0.1,"(25, 25)",2,"{'NN__alpha': 0.1, 'NN__hidden_layer_sizes': (25, 25), 'km__n_clusters': 2}",0.0,0.0,0.0,0.0,0.0,0.0,0.0,16,0.0,0.0,0.0,0.0,0.0,0.0,0.0
46,0.2947495460510254,0.022309035134508947,0.004034233093261719,0.0009511953966396036,0.1,"(25, 25)",3,"{'NN__alpha': 0.1, 'NN__hidden_layer_sizes': (25, 25), 'km__n_clusters': 3}",0.0,0.0,0.0,0.0,0.0,0.0,0.0,16,0.0,0.0,0.0,0.0,0.0,0.0,0.0
47,0.32754082679748536,0.01445903575926565,0.006268787384033203,0.005088451718897653,0.1,"(25, 25)",4,"{'NN__alpha': 0.1, 'NN__hidden_layer_sizes': (25, 25), 'km__n_clusters': 4}",0.0,0.0,0.0,0.0,0.0,0.0,0.0,16,0.0,0.0,0.0,0.0,0.0,0.0,0.0
48,0.36856799125671386,0.009635163042350655,0.005437231063842774,0.0026257203344145458,0.1,"(25, 25)",5,"{'NN__alpha': 0.1, 'NN__hidden_layer_sizes': (25, 25), 'km__n_clusters': 5}",0.0,0.0,0.0,0.0,0.0,0.0,0.0,16,0.0,0.0,0.0,0.0,0.0,0.0,0.0
49,0.3313152313232422,0.02200375234177592,0.004065656661987304,0.0014548198670829235,0.1,"(25, 25)",6,"{'NN__alpha': 0.1, 'NN__hidden_layer_sizes': (25, 25), 'km__n_clusters': 6}",0.0,0.0,0.0,0.0,0.0,0.0,0.0,16,0.0,0.0,0.0,0.0,0.0,0.0,0.0
50,0.34556918144226073,0.02909060320358869,0.0058481693267822266,0.0017348453227267536,0.1,"(25, 25)",7,"{'NN__alpha': 0.1, 'NN__hidden_layer_sizes': (25, 25), 'km__n_clusters': 7}",0.0,0.0,0.0,0.0,0.0,0.0,0.0,16,0.0,0.0,0.0,0.0,0.0,0.0,0.0
51,0.37677569389343263,0.014114579606415163,0.004759454727172851,0.0031748725231290588,0.1,"(25, 25)",8,"{'NN__alpha': 0.1, 'NN__hidden_layer_sizes': (25, 25), 'km__n_clusters': 8}",0.0,0.0,0.0,0.0,0.0,0.0,0.0,16,0.0,0.0,0.0,0.0,0.0,0.0,0.0
52,0.3620940685272217,0.020185228124259266,0.012229156494140626,0.011453015651313295,0.1,"(25, 25)",9,"{'NN__alpha': 0.1, 'NN__hidden_layer_sizes': (25, 25), 'km__n_clusters': 9}",0.0,0.0,0.0,0.0,0.0,0.0,0.0,16,0.0,0.0,0.0,0.0,0.0,0.0,0.0
53,0.4312589645385742,0.01756001878080721,0.005201387405395508,0.002540995230366861,0.1,"(25, 25)",10,"{'NN__alpha': 0.1, 'NN__hidden_layer_sizes': (25, 25), 'km__n_clusters': 10}",0.0,0.0,0.0,0.0,0.0,0.0,0.0,16,0.0,0.0,0.0,0.0,0.0,0.0,0.0
54,0.5001936435699463,0.048589783160127534,0.007901716232299804,0.00268597633022732,0.1,"(25, 25)",15,"{'NN__alpha': 0.1, 'NN__hidden_layer_sizes': (25, 25), 'km__n_clusters': 15}",0.0,0.0,0.0,0.0,0.0,0.0,0.0,16,0.0,0.0,0.0,0.0,0.0,0.0,0.0
55,0.64847731590271,0.030209780569363815,0.008706426620483399,0.007977250967888806,0.1,"(25, 25)",20,"{'NN__alpha': 0.1, 'NN__hidden_layer_sizes': (25, 25), 'km__n_clusters': 20}",0.0,0.0,0.0,0.0,0.0,0.0,0.0,16,0.0,0.0,0.0,0.0,0.0,0.0,0.0
56,0.6180932521820068,0.014985809638345062,0.005016803741455078,0.001402130554220222,0.1,"(25, 25)",25,"{'NN__alpha': 0.1, 'NN__hidden_layer_sizes': (25, 25), 'km__n_clusters': 25}",0.0,0.0,0.0,0.0,0.0,0.0,0.0,16,0.0,0.0,0.0,0.0,0.0,0.0,0.0
57,0.6595795631408692,0.03151212655650206,0.0036282062530517576,0.00042602261703593945,0.1,"(25, 25)",30,"{'NN__alpha': 0.1, 'NN__hidden_layer_sizes': (25, 25), 'km__n_clusters': 30}",0.0,0.0,0.0,0.0,0.0,0.0,0.0,16,0.0,0.0,0.0,0.0,0.0,0.0,0.0
58,0.790980339050293,0.015055177961081235,0.004086923599243164,0.0005828223854041772,0.1,"(25, 25)",35,"{'NN__alpha': 0.1, 'NN__hidden_layer_sizes': (25, 25), 'km__n_clusters': 35}",0.0,0.0,0.0,0.0,0.0,0.0,0.0,16,0.0,0.0,0.0,0.0,0.0,0.0,0.0
59,0.8221864700317383,0.022258478459044113,0.004813575744628906,0.0008079452684267183,0.1,"(25, 25)",40,"{'NN__alpha': 0.1, 'NN__hidden_layer_sizes': (25, 25), 'km__n_clusters': 40}",0.0,0.0,0.0,0.0,0.0,0.0,0.0,16,0.0,0.0,0.0,0.0,0.0,0.0,0.0
60,0.7828021049499512,0.03462947633591058,0.004809093475341797,0.0008392986413130883,0.1,"(100, 25, 100)",2,"{'NN__alpha': 0.1, 'NN__hidden_layer_sizes': (100, 25, 100), 'km__n_clusters': 2}",0.0,0.0,0.0,0.0,0.0,0.0,0.0,16,0.0,0.0,0.0,0.0,0.0,0.0,0.0
61,0.7737639904022217,0.04671586925253684,0.004193162918090821,0.0003315809369621603,0.1,"(100, 25, 100)",3,"{'NN__alpha': 0.1, 'NN__hidden_layer_sizes': (100, 25, 100), 'km__n_clusters': 3}",0.0,0.0,0.0,0.0,0.0,0.0,0.0,16,0.0,0.0,0.0,0.0,0.0,0.0,0.0
62,0.7153202056884765,0.012638893870406757,0.004443836212158203,0.00030697968914677803,0.1,"(100, 25, 100)",4,"{'NN__alpha': 0.1, 'NN__hidden_layer_sizes': (100, 25, 100), 'km__n_clusters': 4}",0.0,0.0,0.0,0.0,0.0,0.0,0.0,16,0.0,0.0,0.0,0.0,0.0,0.0,0.0
63,0.7511879444122315,0.009310435873911149,0.004875802993774414,0.0007292248163928782,0.1,"(100, 25, 100)",5,"{'NN__alpha': 0.1, 'NN__hidden_layer_sizes': (100, 25, 100), 'km__n_clusters': 5}",0.0,0.0,0.0,0.0,0.0,0.0,0.0,16,0.0,0.0,0.0,0.0,0.0,0.0,0.0
64,0.8064233779907226,0.01874338148775904,0.005102777481079101,0.00036559200386250106,0.1,"(100, 25, 100)",6,"{'NN__alpha': 0.1, 'NN__hidden_layer_sizes': (100, 25, 100), 'km__n_clusters': 6}",0.0,0.0,0.0,0.0,0.0,0.0,0.0,16,0.0,0.0,0.0,0.0,0.0,0.0,0.0
65,0.8677547454833985,0.0221751891174699,0.004999542236328125,0.0003631310980522195,0.1,"(100, 25, 100)",7,"{'NN__alpha': 0.1, 'NN__hidden_layer_sizes': (100, 25, 100), 'km__n_clusters': 7}",0.0,0.0,0.0,0.0,0.0,0.0,0.0,16,0.0,0.0,0.0,0.0,0.0,0.0,0.0
66,0.8505963802337646,0.018553180220267983,0.005060386657714844,0.0005975096557390027,0.1,"(100, 25, 100)",8,"{'NN__alpha': 0.1, 'NN__hidden_layer_sizes': (100, 25, 100), 'km__n_clusters': 8}",0.0,0.0,0.0,0.0,0.0,0.0,0.0,16,0.0,0.0,0.0,0.0,0.0,0.0,0.0
67,0.8655617237091064,0.03145195521962738,0.004515647888183594,0.00031154136664277515,0.1,"(100, 25, 100)",9,"{'NN__alpha': 0.1, 'NN__hidden_layer_sizes': (100, 25, 100), 'km__n_clusters': 9}",0.0,0.0,0.0,0.0,0.0,0.0,0.0,16,0.0,0.0,0.0,0.0,0.0,0.0,0.0
68,0.8985958099365234,0.020568546542810668,0.004994773864746093,0.0003691723228733563,0.1,"(100, 25, 100)",10,"{'NN__alpha': 0.1, 'NN__hidden_layer_sizes': (100, 25, 100), 'km__n_clusters': 10}",0.0,0.0,0.0,0.0,0.0,0.0,0.0,16,0.0,0.0,0.0,0.0,0.0,0.0,0.0
69,1.021370792388916,0.011387013181684731,0.005174684524536133,0.0002380261720534909,0.1,"(100, 25, 100)",15,"{'NN__alpha': 0.1, 'NN__hidden_layer_sizes': (100, 25, 100), 'km__n_clusters': 15}",0.0,0.0,0.0,0.0,0.0,0.0,0.0,16,0.0,0.0,0.0,0.0,0.0,0.0,0.0
70,1.0718255996704102,0.016634190695466237,0.005347728729248047,0.0007312786691055786,0.1,"(100, 25, 100)",20,"{'NN__alpha': 0.1, 'NN__hidden_layer_sizes': (100, 25, 100), 'km__n_clusters': 20}",0.0,0.0,0.0,0.0,0.0,0.0,0.0,16,0.0,0.0,0.0,0.0,0.0,0.0,0.0
71,1.1090149402618408,0.020937550011102445,0.0047379016876220705,0.0003888291527996182,0.1,"(100, 25, 100)",25,"{'NN__alpha': 0.1, 'NN__hidden_layer_sizes': (100, 25, 100), 'km__n_clusters': 25}",0.0,0.0,0.0,0.0,0.0,0.0,0.0,16,0.0,0.0,0.0,0.0,0.0,0.0,0.0
72,1.1679272651672363,0.03839495579074936,0.004954004287719726,0.0008948213037262059,0.1,"(100, 25, 100)",30,"{'NN__alpha': 0.1, 'NN__hidden_layer_sizes': (100, 25, 100), 'km__n_clusters': 30}",0.0,0.0,0.0,0.0,0.0,0.0,0.0,16,0.0,0.0,0.0,0.0,0.0,0.0,0.0
73,1.2912542819976807,0.013199366309042383,0.006036233901977539,0.0009814035228420401,0.1,"(100, 25, 100)",35,"{'NN__alpha': 0.1, 'NN__hidden_layer_sizes': (100, 25, 100), 'km__n_clusters': 35}",0.0,0.0,0.0,0.0,0.0,0.0,0.0,16,0.0,0.0,0.0,0.0,0.0,0.0,0.0
74,1.31032338142395,0.023911453127607472,0.005537891387939453,0.0010344417938632927,0.1,"(100, 25, 100)",40,"{'NN__alpha': 0.1, 'NN__hidden_layer_sizes': (100, 25, 100), 'km__n_clusters': 40}",0.0,0.0,0.0,0.0,0.0,0.0,0.0,16,0.0,0.0,0.0,0.0,0.0,0.0,0.0
75,0.459794807434082,0.02069039063092447,0.003697633743286133,0.00044870298042998854,0.01,"(50, 50)",2,"{'NN__alpha': 0.01, 'NN__hidden_layer_sizes': (50, 50), 'km__n_clusters': 2}",0.0,0.0,0.0,0.0,0.0,0.0,0.0,16,0.0,0.0,0.0,0.0,0.0,0.0,0.0
76,0.5089224815368653,0.01916947330510361,0.0033865451812744142,0.0004889737421035318,0.01,"(50, 50)",3,"{'NN__alpha': 0.01, 'NN__hidden_layer_sizes': (50, 50), 'km__n_clusters': 3}",0.0,0.0,0.0,0.0,0.0,0.0,0.0,16,0.0,0.0,0.0,0.0,0.0,0.0,0.0
77,0.5292915344238281,0.011598989549773132,0.0032745361328125,0.00025891461193275475,0.01,"(50, 50)",4,"{'NN__alpha': 0.01, 'NN__hidden_layer_sizes': (50, 50), 'km__n_clusters': 4}",0.0,0.0,0.0,0.0,0.0,0.0,0.0,16,0.0,0.0,0.0,0.0,0.0,0.0,0.0
78,0.5307562828063965,0.015578912025691201,0.0037472724914550783,0.00035401000154320315,0.01,"(50, 50)",5,"{'NN__alpha': 0.01, 'NN__hidden_layer_sizes': (50, 50), 'km__n_clusters': 5}",0.0,0.0,0.0,0.0,0.0,0.0,0.0,16,0.0,0.0,0.0,0.0,0.0,0.0,0.0
79,0.5629283905029296,0.01222226616406758,0.0035095691680908205,0.00026733221119897916,0.01,"(50, 50)",6,"{'NN__alpha': 0.01, 'NN__hidden_layer_sizes': (50, 50), 'km__n_clusters': 6}",0.0,0.0,0.0,0.0,0.0,0.0,0.0,16,0.0,0.0,0.0,0.0,0.0,0.0,0.0
80,0.5663839817047119,0.023961810693830198,0.0038270473480224608,0.0005130845462821414,0.01,"(50, 50)",7,"{'NN__alpha': 0.01, 'NN__hidden_layer_sizes': (50, 50), 'km__n_clusters': 7}",0.0,0.0,0.0,0.0,0.0,0.0,0.0,16,0.0,0.0,0.0,0.0,0.0,0.0,0.0
81,0.620897626876831,0.014171424992831944,0.003650045394897461,0.0004189364001301061,0.01,"(50, 50)",8,"{'NN__alpha': 0.01, 'NN__hidden_layer_sizes': (50, 50), 'km__n_clusters': 8}",0.0,0.0,0.0,0.0,0.0,0.0,0.0,16,0.0,0.0,0.0,0.0,0.0,0.0,0.0
82,0.5977165699005127,0.012088222581668955,0.004187297821044922,0.0014157999977720244,0.01,"(50, 50)",9,"{'NN__alpha': 0.01, 'NN__hidden_layer_sizes': (50, 50), 'km__n_clusters': 9}",0.0,0.0,0.0,0.0,0.0,0.0,0.0,16,0.0,0.0,0.0,0.0,0.0,0.0,0.0
83,0.6485604763031005,0.018707468353833204,0.003593778610229492,0.00039817320632813804,0.01,"(50, 50)",10,"{'NN__alpha': 0.01, 'NN__hidden_layer_sizes': (50, 50), 'km__n_clusters': 10}",0.0,0.0,0.0,0.0,0.0,0.0,0.0,16,0.0,0.0,0.0,0.0,0.0,0.0,0.0
84,0.7371560096740722,0.035874173671741665,0.004457998275756836,0.000432848346623663,0.01,"(50, 50)",15,"{'NN__alpha': 0.01, 'NN__hidden_layer_sizes': (50, 50), 'km__n_clusters': 15}",0.0161290322580645,0.0,0.0,0.0,0.0,0.0032337096115596852,0.006457532716615989,12,0.0040650631482239625,0.0,0.0,0.0,0.0,0.0008130126296447925,0.0016260252592895847
85,0.7461035251617432,0.0228120112869399,0.004688692092895508,0.0007374055536905349,0.01,"(50, 50)",20,"{'NN__alpha': 0.01, 'NN__hidden_layer_sizes': (50, 50), 'km__n_clusters': 20}",0.0,0.0,0.0,0.0,0.0,0.0,0.0,16,0.0,0.0,0.0,0.0,0.0,0.0,0.0
86,0.8391387462615967,0.029888122160858448,0.004399633407592774,0.0007352659610672815,0.01,"(50, 50)",25,"{'NN__alpha': 0.01, 'NN__hidden_layer_sizes': (50, 50), 'km__n_clusters': 25}",0.0,0.0,0.0,0.0,0.0,0.0,0.0,16,0.0,0.0,0.0,0.0,0.0,0.0,0.0
87,0.9351111888885498,0.027600010012931064,0.004106283187866211,0.0005985688053820496,0.01,"(50, 50)",30,"{'NN__alpha': 0.01, 'NN__hidden_layer_sizes': (50, 50), 'km__n_clusters': 30}",0.0,0.0,0.0,0.0,0.0,0.0,0.0,16,0.0,0.0,0.0,0.0,0.0,0.0,0.0
88,1.0501134872436524,0.01762242386441082,0.004398870468139649,0.0005397759856985071,0.01,"(50, 50)",35,"{'NN__alpha': 0.01, 'NN__hidden_layer_sizes': (50, 50), 'km__n_clusters': 35}",0.0,0.0,0.0,0.0,0.0,0.0,0.0,16,0.0,0.0,0.0,0.0,0.0,0.0,0.0
89,1.1076762199401855,0.02121243754299231,0.004873323440551758,0.00015578383073725952,0.01,"(50, 50)",40,"{'NN__alpha': 0.01, 'NN__hidden_layer_sizes': (50, 50), 'km__n_clusters': 40}",0.0,0.0,0.0,0.0,0.0,0.0,0.0,16,0.0,0.0,0.0,0.0,0.0,0.0,0.0
90,0.2504096984863281,0.016414382137908756,0.002731037139892578,0.0002478902254484513,0.01,"(50,)",2,"{'NN__alpha': 0.01, 'NN__hidden_layer_sizes': (50,), 'km__n_clusters': 2}",0.0,0.0,0.0,0.0,0.0,0.0,0.0,16,0.0,0.0,0.0,0.0,0.0,0.0,0.0
91,0.3370006561279297,0.024544196966166807,0.003246784210205078,0.0005725125239217862,0.01,"(50,)",3,"{'NN__alpha': 0.01, 'NN__hidden_layer_sizes': (50,), 'km__n_clusters': 3}",0.0,0.0,0.0,0.0,0.0,0.0,0.0,16,0.0,0.0,0.0,0.0,0.0,0.0,0.0
92,0.3296184539794922,0.015546931051787961,0.003086423873901367,0.000584658605255982,0.01,"(50,)",4,"{'NN__alpha': 0.01, 'NN__hidden_layer_sizes': (50,), 'km__n_clusters': 4}",0.0,0.0,0.0,0.0,0.0,0.0,0.0,16,0.0,0.0,0.0,0.0,0.0,0.0,0.0
93,0.3198911190032959,0.01234945791425717,0.003196907043457031,0.0007097494754763692,0.01,"(50,)",5,"{'NN__alpha': 0.01, 'NN__hidden_layer_sizes': (50,), 'km__n_clusters': 5}",0.0,0.0,0.0,0.0,0.0,0.0,0.0,16,0.0,0.0,0.0,0.0,0.0,0.0,0.0
94,0.34113245010375975,0.012993384670421704,0.003266572952270508,0.00039286537936610645,0.01,"(50,)",6,"{'NN__alpha': 0.01, 'NN__hidden_layer_sizes': (50,), 'km__n_clusters': 6}",0.0,0.0,0.0,0.0,0.0,0.0,0.0,16,0.0,0.0,0.0,0.0,0.0,0.0,0.0
95,0.3642899990081787,0.02072312876094355,0.0029573440551757812,0.00035926963346542715,0.01,"(50,)",7,"{'NN__alpha': 0.01, 'NN__hidden_layer_sizes': (50,), 'km__n_clusters': 7}",0.0,0.0,0.0,0.0,0.0,0.0,0.0,16,0.0,0.0,0.0,0.0,0.0,0.0,0.0
96,0.41039328575134276,0.02234718679295506,0.003173494338989258,0.0005192247300961868,0.01,"(50,)",8,"{'NN__alpha': 0.01, 'NN__hidden_layer_sizes': (50,), 'km__n_clusters': 8}",0.0,0.0,0.0,0.0,0.0,0.0,0.0,16,0.0,0.0,0.0,0.0,0.0,0.0,0.0
97,0.40769567489624026,0.01579153269145286,0.0031707286834716797,0.000385762410344886,0.01,"(50,)",9,"{'NN__alpha': 0.01, 'NN__hidden_layer_sizes': (50,), 'km__n_clusters': 9}",0.0,0.0,0.0,0.0,0.0,0.0,0.0,16,0.0,0.0,0.0,0.0,0.0,0.0,0.0
98,0.4516254425048828,0.02392139072634596,0.003028392791748047,0.0006397659131262968,0.01,"(50,)",10,"{'NN__alpha': 0.01, 'NN__hidden_layer_sizes': (50,), 'km__n_clusters': 10}",0.0,0.0,0.0,0.0,0.0,0.0,0.0,16,0.0,0.0,0.0,0.0,0.0,0.0,0.0
99,0.4628458976745605,0.01846864677988563,0.004157066345214844,0.0012921348323020744,0.01,"(50,)",15,"{'NN__alpha': 0.01, 'NN__hidden_layer_sizes': (50,), 'km__n_clusters': 15}",0.0,0.0,0.0,0.0,0.0,0.0,0.0,16,0.0,0.0,0.0,0.0,0.0,0.0,0.0
100,0.5286693572998047,0.024392840718748903,0.0038089752197265625,0.0007044697188070994,0.01,"(50,)",20,"{'NN__alpha': 0.01, 'NN__hidden_layer_sizes': (50,), 'km__n_clusters': 20}",0.0,0.0,0.0,0.0,0.0,0.0,0.0,16,0.0,0.0,0.0,0.0,0.0,0.0,0.0
101,0.5980127811431885,0.014735122485841363,0.0035009860992431642,0.0007041090308562467,0.01,"(50,)",25,"{'NN__alpha': 0.01, 'NN__hidden_layer_sizes': (50,), 'km__n_clusters': 25}",0.0,0.0,0.0,0.0,0.0,0.0,0.0,16,0.0,0.0,0.0,0.0,0.0,0.0,0.0
102,0.7400030136108399,0.02433324867473371,0.003429412841796875,0.00035372981145970385,0.01,"(50,)",30,"{'NN__alpha': 0.01, 'NN__hidden_layer_sizes': (50,), 'km__n_clusters': 30}",0.0,0.0,0.0,0.0,0.0,0.0,0.0,16,0.0,0.0,0.0,0.0,0.0,0.0,0.0
103,0.8738476276397705,0.02460960784848266,0.0044535636901855465,0.0006478250666967304,0.01,"(50,)",35,"{'NN__alpha': 0.01, 'NN__hidden_layer_sizes': (50,), 'km__n_clusters': 35}",0.0,0.0,0.0,0.0,0.0,0.0,0.0,16,0.0,0.0,0.0,0.0,0.0,0.0,0.0
104,0.9909609794616699,0.09568333729698984,0.004953575134277344,0.0019804058202998317,0.01,"(50,)",40,"{'NN__alpha': 0.01, 'NN__hidden_layer_sizes': (50,), 'km__n_clusters': 40}",0.0,0.0,0.0,0.0,0.0,0.0,0.0,16,0.0,0.0,0.0,0.0,0.0,0.0,0.0
105,0.1915302276611328,0.01815121626118792,0.0035030364990234373,0.0007955744463653193,0.01,"(25,)",2,"{'NN__alpha': 0.01, 'NN__hidden_layer_sizes': (25,), 'km__n_clusters': 2}",0.0,0.0,0.0,0.0,0.0,0.0,0.0,16,0.0,0.0,0.0,0.0,0.0,0.0,0.0
106,0.24828457832336426,0.02461289400455297,0.0030443668365478516,0.0002767102093397699,0.01,"(25,)",3,"{'NN__alpha': 0.01, 'NN__hidden_layer_sizes': (25,), 'km__n_clusters': 3}",0.0,0.0,0.0,0.0,0.0,0.0,0.0,16,0.0,0.0,0.0,0.0,0.0,0.0,0.0
107,0.3134729862213135,0.017571494081069994,0.0032782554626464844,0.0004491536725631229,0.01,"(25,)",4,"{'NN__alpha': 0.01, 'NN__hidden_layer_sizes': (25,), 'km__n_clusters': 4}",0.0,0.0,0.016172744298777107,0.03038456762015147,0.0,0.009296253788630492,0.012253512241021417,8,0.0,0.0,0.02401601067378252,0.07929515418502203,0.0,0.02066223297176091,0.03075662819300267
108,0.26532597541809083,0.013299772118259126,0.002784538269042969,0.0001433280331458747,0.01,"(25,)",5,"{'NN__alpha': 0.01, 'NN__hidden_layer_sizes': (25,), 'km__n_clusters': 5}",0.0,0.0,0.0,0.0,0.0,0.0,0.0,16,0.0,0.0,0.0,0.0,0.0,0.0,0.0
109,0.2855250358581543,0.017588949892827502,0.002730989456176758,0.0004317188304019771,0.01,"(25,)",6,"{'NN__alpha': 0.01, 'NN__hidden_layer_sizes': (25,), 'km__n_clusters': 6}",0.0,0.0,0.0,0.0,0.0,0.0,0.0,16,0.0,0.0,0.0,0.0,0.0,0.0,0.0
110,0.2996667385101318,0.021027959939773862,0.002435731887817383,5.3057085846350824e-05,0.01,"(25,)",7,"{'NN__alpha': 0.01, 'NN__hidden_layer_sizes': (25,), 'km__n_clusters': 7}",0.0,0.0,0.0,0.0,0.0,0.0,0.0,16,0.0,0.0,0.0,0.0,0.0,0.0,0.0
111,0.3805703163146973,0.022748695520607966,0.0029324054718017577,0.0005173146883686019,0.01,"(25,)",8,"{'NN__alpha': 0.01, 'NN__hidden_layer_sizes': (25,), 'km__n_clusters': 8}",0.0,0.0,0.0,0.01621633563838011,0.0,0.0032379698355115864,0.006482557904401887,9,0.0,0.0,0.020147750167897913,0.01612903225806452,0.0,0.007255356485192486,0.008976374878241137
112,0.33654141426086426,0.022774623352323713,0.003945016860961914,0.0012193163206392086,0.01,"(25,)",9,"{'NN__alpha': 0.01, 'NN__hidden_layer_sizes': (25,), 'km__n_clusters': 9}",0.0,0.0,0.0,0.0,0.0,0.0,0.0,16,0.0,0.0,0.0,0.0,0.0,0.0,0.0
113,0.40473642349243166,0.01288948408376598,0.00353546142578125,0.0007360001601997212,0.01,"(25,)",10,"{'NN__alpha': 0.01, 'NN__hidden_layer_sizes': (25,), 'km__n_clusters': 10}",0.0,0.0,0.0,0.0,0.0,0.0,0.0,16,0.0,0.0,0.0,0.0,0.0,0.0,0.0
114,0.4250187397003174,0.02606332144006722,0.003553152084350586,0.0011453929388175047,0.01,"(25,)",15,"{'NN__alpha': 0.01, 'NN__hidden_layer_sizes': (25,), 'km__n_clusters': 15}",0.0,0.0,0.0,0.0,0.0,0.0,0.0,16,0.0,0.0,0.0,0.0,0.0,0.0,0.0
115,0.4651455879211426,0.02641368665830834,0.0028710365295410156,0.00042958312246819854,0.01,"(25,)",20,"{'NN__alpha': 0.01, 'NN__hidden_layer_sizes': (25,), 'km__n_clusters': 20}",0.0,0.0,0.0,0.0,0.0,0.0,0.0,16,0.0,0.0,0.0,0.0,0.0,0.0,0.0
116,0.5187726020812988,0.010726877613398684,0.005476045608520508,0.002299827540302388,0.01,"(25,)",25,"{'NN__alpha': 0.01, 'NN__hidden_layer_sizes': (25,), 'km__n_clusters': 25}",0.0,0.0,0.0,0.0,0.0,0.0,0.0,16,0.0,0.0,0.0,0.0,0.0,0.0,0.0
117,0.5984186649322509,0.01780177141951622,0.003839731216430664,0.000679924927979906,0.01,"(25,)",30,"{'NN__alpha': 0.01, 'NN__hidden_layer_sizes': (25,), 'km__n_clusters': 30}",0.0,0.0,0.0,0.0,0.0,0.0,0.0,16,0.0,0.0,0.0,0.0,0.0,0.0,0.0
118,0.7374526023864746,0.022095845187199332,0.004271173477172851,0.0013374178597783466,0.01,"(25,)",35,"{'NN__alpha': 0.01, 'NN__hidden_layer_sizes': (25,), 'km__n_clusters': 35}",0.0,0.09183355168756618,0.0,0.0,0.0,0.018411708402856268,0.0367671261993413,1,0.0,0.12106165882904288,0.0,0.0,0.0,0.024212331765808576,0.048424663531617146
119,0.7980485439300538,0.027673148463077633,0.005507850646972656,0.0014874872715606971,0.01,"(25,)",40,"{'NN__alpha': 0.01, 'NN__hidden_layer_sizes': (25,), 'km__n_clusters': 40}",0.0,0.0,0.0,0.0,0.0,0.0,0.0,16,0.0,0.0,0.0,0.0,0.0,0.0,0.0
120,0.23612442016601562,0.014102601233286213,0.003612327575683594,0.00047274164451212725,0.01,"(25, 25)",2,"{'NN__alpha': 0.01, 'NN__hidden_layer_sizes': (25, 25), 'km__n_clusters': 2}",0.0,0.0,0.0,0.0,0.0,0.0,0.0,16,0.0,0.0,0.0,0.0,0.0,0.0,0.0
121,0.2814487934112549,0.013827978525874097,0.003523445129394531,0.0012657026574824748,0.01,"(25, 25)",3,"{'NN__alpha': 0.01, 'NN__hidden_layer_sizes': (25, 25), 'km__n_clusters': 3}",0.0,0.0,0.0,0.0,0.0,0.0,0.0,16,0.0,0.0,0.0,0.0,0.0,0.0,0.0
122,0.32249879837036133,0.014270695598381728,0.005881166458129883,0.003003529119256128,0.01,"(25, 25)",4,"{'NN__alpha': 0.01, 'NN__hidden_layer_sizes': (25, 25), 'km__n_clusters': 4}",0.0,0.0,0.0,0.0,0.0,0.0,0.0,16,0.0,0.0,0.0,0.0,0.0,0.0,0.0
123,0.35505027770996095,0.008658856151007905,0.0032895565032958984,0.0007306457786326871,0.01,"(25, 25)",5,"{'NN__alpha': 0.01, 'NN__hidden_layer_sizes': (25, 25), 'km__n_clusters': 5}",0.0,0.0,0.0,0.0,0.0,0.0,0.0,16,0.0,0.0,0.0,0.0,0.0,0.0,0.0
124,0.3294867515563965,0.012821608688855712,0.005057287216186523,0.001677286944449739,0.01,"(25, 25)",6,"{'NN__alpha': 0.01, 'NN__hidden_layer_sizes': (25, 25), 'km__n_clusters': 6}",0.0,0.0,0.0,0.0,0.0,0.0,0.0,16,0.0,0.0,0.0,0.0,0.0,0.0,0.0
125,0.36267910003662107,0.025525491119892812,0.002908611297607422,9.812534809644005e-05,0.01,"(25, 25)",7,"{'NN__alpha': 0.01, 'NN__hidden_layer_sizes': (25, 25), 'km__n_clusters': 7}",0.0,0.0,0.0,0.0,0.0,0.0,0.0,16,0.0,0.0,0.0,0.0,0.0,0.0,0.0
126,0.391266393661499,0.015700389143904737,0.0039383888244628905,0.0015433875624436474,0.01,"(25, 25)",8,"{'NN__alpha': 0.01, 'NN__hidden_layer_sizes': (25, 25), 'km__n_clusters': 8}",0.0,0.0,0.0,0.0,0.0,0.0,0.0,16,0.0,0.0,0.0,0.0,0.0,0.0,0.0
127,0.38741559982299806,0.02154480632223803,0.003980588912963867,0.0003965523677196185,0.01,"(25, 25)",9,"{'NN__alpha': 0.01, 'NN__hidden_layer_sizes': (25, 25), 'km__n_clusters': 9}",0.0,0.0,0.0,0.0,0.0,0.0,0.0,16,0.0,0.0,0.0,0.0,0.0,0.0,0.0
128,0.4322013854980469,0.02653603139781207,0.00556478500366211,0.0031085502097254053,0.01,"(25, 25)",10,"{'NN__alpha': 0.01, 'NN__hidden_layer_sizes': (25, 25), 'km__n_clusters': 10}",0.0,0.0,0.0,0.0,0.0,0.0,0.0,16,0.0,0.0,0.0,0.0,0.0,0.0,0.0
129,0.44871320724487307,0.017415892282177107,0.0048944950103759766,0.00197223132625406,0.01,"(25, 25)",15,"{'NN__alpha': 0.01, 'NN__hidden_layer_sizes': (25, 25), 'km__n_clusters': 15}",0.0,0.0,0.0,0.0,0.0,0.0,0.0,16,0.0,0.0,0.0,0.0,0.0,0.0,0.0
130,0.49733767509460447,0.02673561137697911,0.003419351577758789,0.0006005623529206447,0.01,"(25, 25)",20,"{'NN__alpha': 0.01, 'NN__hidden_layer_sizes': (25, 25), 'km__n_clusters': 20}",0.0,0.0,0.0,0.0,0.0,0.0,0.0,16,0.0,0.0,0.0,0.0,0.0,0.0,0.0
131,0.5708881378173828,0.03626919147760205,0.0035007476806640627,0.0003162885851555072,0.01,"(25, 25)",25,"{'NN__alpha': 0.01, 'NN__hidden_layer_sizes': (25, 25), 'km__n_clusters': 25}",0.0,0.0,0.0,0.0,0.0,0.0,0.0,16,0.0,0.0,0.0,0.0,0.0,0.0,0.0
132,0.7017640590667724,0.01639443310574437,0.005827999114990235,0.001711817548573112,0.01,"(25, 25)",30,"{'NN__alpha': 0.01, 'NN__hidden_layer_sizes': (25, 25), 'km__n_clusters': 30}",0.0,0.0,0.0,0.0,0.0,0.0,0.0,16,0.0,0.0,0.0,0.0,0.0,0.0,0.0
133,0.7777447700500488,0.02964298361964265,0.0038355350494384765,0.00041600238385704837,0.01,"(25, 25)",35,"{'NN__alpha': 0.01, 'NN__hidden_layer_sizes': (25, 25), 'km__n_clusters': 35}",0.0,0.0,0.0,0.0,0.0,0.0,0.0,16,0.0,0.0,0.0,0.0,0.0,0.0,0.0
134,0.8133356094360351,0.032621178472887626,0.004908132553100586,0.0007945034258061963,0.01,"(25, 25)",40,"{'NN__alpha': 0.01, 'NN__hidden_layer_sizes': (25, 25), 'km__n_clusters': 40}",0.0,0.0,0.0,0.0,0.0,0.0,0.0,16,0.0,0.0,0.0,0.0,0.0,0.0,0.0
135,0.7408207416534424,0.02690845011704844,0.004206228256225586,0.0003336437944164902,0.01,"(100, 25, 100)",2,"{'NN__alpha': 0.01, 'NN__hidden_layer_sizes': (100, 25, 100), 'km__n_clusters': 2}",0.0,0.0,0.0,0.0,0.0,0.0,0.0,16,0.0,0.0,0.0,0.0,0.0,0.0,0.0
136,0.772425365447998,0.018243037294920154,0.004215621948242187,0.00024508430779719676,0.01,"(100, 25, 100)",3,"{'NN__alpha': 0.01, 'NN__hidden_layer_sizes': (100, 25, 100), 'km__n_clusters': 3}",0.0,0.0,0.0,0.0,0.0,0.0,0.0,16,0.0,0.0,0.0,0.0,0.0,0.0,0.0
137,0.7596893787384034,0.0223663886933358,0.004438018798828125,0.0006596078705833952,0.01,"(100, 25, 100)",4,"{'NN__alpha': 0.01, 'NN__hidden_layer_sizes': (100, 25, 100), 'km__n_clusters': 4}",0.0,0.0,0.0,0.0,0.0,0.0,0.0,16,0.0,0.0,0.0,0.0,0.0,0.0,0.0
138,0.7699599742889405,0.012886095744234712,0.004755735397338867,0.0006865909342801286,0.01,"(100, 25, 100)",5,"{'NN__alpha': 0.01, 'NN__hidden_layer_sizes': (100, 25, 100), 'km__n_clusters': 5}",0.0,0.0,0.0,0.0,0.0,0.0,0.0,16,0.0,0.0,0.0,0.0,0.0,0.0,0.0
139,0.7974045276641846,0.0266028564045325,0.0051038265228271484,0.00037377129374646954,0.01,"(100, 25, 100)",6,"{'NN__alpha': 0.01, 'NN__hidden_layer_sizes': (100, 25, 100), 'km__n_clusters': 6}",0.0,0.0,0.0,0.0,0.0,0.0,0.0,16,0.0,0.0,0.0,0.0,0.0,0.0,0.0
140,0.7957581520080567,0.01612789146926394,0.004758167266845703,0.0005746825406824175,0.01,"(100, 25, 100)",7,"{'NN__alpha': 0.01, 'NN__hidden_layer_sizes': (100, 25, 100), 'km__n_clusters': 7}",0.0,0.0,0.0,0.0,0.0,0.0,0.0,16,0.0,0.0,0.0,0.0,0.0,0.0,0.0
141,0.8464563846588135,0.011467233014463762,0.005089664459228515,0.000548621108509812,0.01,"(100, 25, 100)",8,"{'NN__alpha': 0.01, 'NN__hidden_layer_sizes': (100, 25, 100), 'km__n_clusters': 8}",0.0,0.0,0.0,0.0,0.0,0.0,0.0,16,0.0,0.0,0.0,0.0,0.0,0.0,0.0
142,0.8523479461669922,0.02466938760738674,0.005269479751586914,0.0007333220256476394,0.01,"(100, 25, 100)",9,"{'NN__alpha': 0.01, 'NN__hidden_layer_sizes': (100, 25, 100), 'km__n_clusters': 9}",0.0,0.0,0.0,0.0,0.0,0.0,0.0,16,0.0,0.0,0.0,0.0,0.0,0.0,0.0
143,0.8480432510375977,0.02776956043840748,0.005694055557250976,0.0008503078958949371,0.01,"(100, 25, 100)",10,"{'NN__alpha': 0.01, 'NN__hidden_layer_sizes': (100, 25, 100), 'km__n_clusters': 10}",0.0,0.0,0.0,0.0,0.0,0.0,0.0,16,0.0,0.0,0.0,0.0,0.0,0.0,0.0
144,0.959837007522583,0.020363217159329535,0.005135965347290039,0.0003502897627768774,0.01,"(100, 25, 100)",15,"{'NN__alpha': 0.01, 'NN__hidden_layer_sizes': (100, 25, 100), 'km__n_clusters': 15}",0.0,0.0,0.0,0.0,0.0,0.0,0.0,16,0.0,0.0,0.0,0.0,0.0,0.0,0.0
145,1.0732371807098389,0.0572271192862676,0.005318737030029297,0.00042172125264022266,0.01,"(100, 25, 100)",20,"{'NN__alpha': 0.01, 'NN__hidden_layer_sizes': (100, 25, 100), 'km__n_clusters': 20}",0.0,0.0,0.0,0.0,0.0,0.0,0.0,16,0.0,0.0,0.0,0.0,0.0,0.0,0.0
146,1.167694664001465,0.018524178136291716,0.005692434310913086,0.000531480061216339,0.01,"(100, 25, 100)",25,"{'NN__alpha': 0.01, 'NN__hidden_layer_sizes': (100, 25, 100), 'km__n_clusters': 25}",0.0,0.0,0.0,0.0,0.0,0.0,0.0,16,0.0,0.0,0.0,0.0,0.0,0.0,0.0
147,1.233372688293457,0.038588912314847436,0.0049210071563720705,0.00039784291562027527,0.01,"(100, 25, 100)",30,"{'NN__alpha': 0.01, 'NN__hidden_layer_sizes': (100, 25, 100), 'km__n_clusters': 30}",0.0,0.0,0.0,0.0,0.0,0.0,0.0,16,0.0,0.0,0.0,0.0,0.0,0.0,0.0
148,1.3023595333099365,0.008722669732821983,0.005063819885253906,0.00046611090510596586,0.01,"(100, 25, 100)",35,"{'NN__alpha': 0.01, 'NN__hidden_layer_sizes': (100, 25, 100), 'km__n_clusters': 35}",0.0,0.0,0.0,0.0,0.0,0.0,0.0,16,0.0,0.0,0.0,0.0,0.0,0.0,0.0
149,1.293767547607422,0.02326978780002116,0.005362415313720703,0.00042747802591163174,0.01,"(100, 25, 100)",40,"{'NN__alpha': 0.01, 'NN__hidden_layer_sizes': (100, 25, 100), 'km__n_clusters': 40}",0.0,0.0,0.0,0.0,0.0,0.0,0.0,16,0.0,0.0,0.0,0.0,0.0,0.0,0.0
150,0.43456602096557617,0.016122885192624774,0.0033323287963867186,0.0003290317159212168,0.001,"(50, 50)",2,"{'NN__alpha': 0.001, 'NN__hidden_layer_sizes': (50, 50), 'km__n_clusters': 2}",0.0,0.0,0.0,0.0,0.0,0.0,0.0,16,0.0,0.0,0.0,0.0,0.0,0.0,0.0
151,0.5079887866973877,0.0245189922593954,0.0038256168365478514,0.000850274855113686,0.001,"(50, 50)",3,"{'NN__alpha': 0.001, 'NN__hidden_layer_sizes': (50, 50), 'km__n_clusters': 3}",0.0,0.0,0.0,0.0,0.0,0.0,0.0,16,0.0,0.0,0.0,0.0,0.0,0.0,0.0
152,0.5407115936279296,0.015269971541864892,0.003948831558227539,0.0007975556498890787,0.001,"(50, 50)",4,"{'NN__alpha': 0.001, 'NN__hidden_layer_sizes': (50, 50), 'km__n_clusters': 4}",0.0,0.0,0.0,0.0,0.0,0.0,0.0,16,0.0,0.0,0.0,0.0,0.0,0.0,0.0
153,0.5649044990539551,0.02076423371406816,0.003387784957885742,0.00027513808144619145,0.001,"(50, 50)",5,"{'NN__alpha': 0.001, 'NN__hidden_layer_sizes': (50, 50), 'km__n_clusters': 5}",0.0,0.0,0.0,0.0,0.0,0.0,0.0,16,0.0,0.0,0.0,0.0,0.0,0.0,0.0
154,0.5563684940338135,0.008067349217755827,0.003336000442504883,9.884115442322782e-05,0.001,"(50, 50)",6,"{'NN__alpha': 0.001, 'NN__hidden_layer_sizes': (50, 50), 'km__n_clusters': 6}",0.0,0.0,0.0,0.0,0.0,0.0,0.0,16,0.0,0.0,0.0,0.0,0.0,0.0,0.0
155,0.5677313327789306,0.01844722138084845,0.00348811149597168,0.0004961311418668689,0.001,"(50, 50)",7,"{'NN__alpha': 0.001, 'NN__hidden_layer_sizes': (50, 50), 'km__n_clusters': 7}",0.0,0.0,0.0,0.0,0.0,0.0,0.0,16,0.0,0.0,0.0,0.0,0.0,0.0,0.0
156,0.644552755355835,0.013497683273502687,0.0031549930572509766,0.00017293536778226906,0.001,"(50, 50)",8,"{'NN__alpha': 0.001, 'NN__hidden_layer_sizes': (50, 50), 'km__n_clusters': 8}",0.0,0.0,0.0,0.0,0.0,0.0,0.0,16,0.0,0.0,0.0,0.0,0.0,0.0,0.0
157,0.5901521205902099,0.019739600691329875,0.004144716262817383,0.0004997511940740921,0.001,"(50, 50)",9,"{'NN__alpha': 0.001, 'NN__hidden_layer_sizes': (50, 50), 'km__n_clusters': 9}",0.0,0.0,0.0,0.0,0.0,0.0,0.0,16,0.0,0.0,0.0,0.0,0.0,0.0,0.0
158,0.6508877277374268,0.013613925107755914,0.004132366180419922,0.00026360024759989627,0.001,"(50, 50)",10,"{'NN__alpha': 0.001, 'NN__hidden_layer_sizes': (50, 50), 'km__n_clusters': 10}",0.0,0.0,0.0,0.0,0.0,0.0,0.0,16,0.0,0.0,0.0,0.0,0.0,0.0,0.0
159,0.7362529754638671,0.029902461342863885,0.00455474853515625,0.00045831336852364103,0.001,"(50, 50)",15,"{'NN__alpha': 0.001, 'NN__hidden_layer_sizes': (50, 50), 'km__n_clusters': 15}",0.0161290322580645,0.0,0.0,0.0,0.0,0.0032337096115596852,0.006457532716615989,12,0.0040650631482239625,0.0,0.0,0.0,0.0,0.0008130126296447925,0.0016260252592895847
160,0.7566739559173584,0.020586435141179485,0.005043172836303711,0.0005407113788996988,0.001,"(50, 50)",20,"{'NN__alpha': 0.001, 'NN__hidden_layer_sizes': (50, 50), 'km__n_clusters': 20}",0.0,0.0,0.0,0.0,0.0,0.0,0.0,16,0.0,0.0,0.0,0.0,0.0,0.0,0.0
161,0.8218154907226562,0.017498812916320765,0.0043694496154785155,0.0005369201519539995,0.001,"(50, 50)",25,"{'NN__alpha': 0.001, 'NN__hidden_layer_sizes': (50, 50), 'km__n_clusters': 25}",0.0,0.0,0.0,0.0,0.0,0.0,0.0,16,0.0,0.0,0.0,0.0,0.0,0.0,0.0
162,0.9626679420471191,0.021097757103988122,0.004211997985839844,0.0002645444078833291,0.001,"(50, 50)",30,"{'NN__alpha': 0.001, 'NN__hidden_layer_sizes': (50, 50), 'km__n_clusters': 30}",0.0,0.0,0.0,0.0,0.0,0.0,0.0,16,0.0,0.0,0.0,0.0,0.0,0.0,0.0
163,1.0858181476593018,0.025840707359745405,0.0045894145965576175,0.0005409623641623259,0.001,"(50, 50)",35,"{'NN__alpha': 0.001, 'NN__hidden_layer_sizes': (50, 50), 'km__n_clusters': 35}",0.0,0.0,0.0,0.0,0.0,0.0,0.0,16,0.0,0.0,0.0,0.0,0.0,0.0,0.0
164,1.1259545803070068,0.01510328590540254,0.00439300537109375,0.00034148055126370343,0.001,"(50, 50)",40,"{'NN__alpha': 0.001, 'NN__hidden_layer_sizes': (50, 50), 'km__n_clusters': 40}",0.0,0.0,0.0,0.0,0.0,0.0,0.0,16,0.0,0.0,0.0,0.0,0.0,0.0,0.0
165,0.24584012031555175,0.013471421396382311,0.0027901649475097655,0.000343401535584957,0.001,"(50,)",2,"{'NN__alpha': 0.001, 'NN__hidden_layer_sizes': (50,), 'km__n_clusters': 2}",0.0,0.0,0.0,0.0,0.0,0.0,0.0,16,0.0,0.0,0.0,0.0,0.0,0.0,0.0
166,0.34686999320983886,0.013021720898568626,0.003002357482910156,0.00037835084147693984,0.001,"(50,)",3,"{'NN__alpha': 0.001, 'NN__hidden_layer_sizes': (50,), 'km__n_clusters': 3}",0.0,0.0,0.0,0.0,0.0,0.0,0.0,16,0.0,0.0,0.0,0.0,0.0,0.0,0.0
167,0.33081707954406736,0.011368762418408772,0.003235912322998047,0.00047470394282700097,0.001,"(50,)",4,"{'NN__alpha': 0.001, 'NN__hidden_layer_sizes': (50,), 'km__n_clusters': 4}",0.0,0.0,0.0,0.0,0.0,0.0,0.0,16,0.0,0.0,0.0,0.0,0.0,0.0,0.0
168,0.3247208595275879,0.01249775874537258,0.0034038543701171873,0.00039609974428362563,0.001,"(50,)",5,"{'NN__alpha': 0.001, 'NN__hidden_layer_sizes': (50,), 'km__n_clusters': 5}",0.0,0.0,0.0,0.0,0.0,0.0,0.0,16,0.0,0.0,0.0,0.0,0.0,0.0,0.0
169,0.4040510177612305,0.03471954516423703,0.0031464099884033203,0.0003085188371436008,0.001,"(50,)",6,"{'NN__alpha': 0.001, 'NN__hidden_layer_sizes': (50,), 'km__n_clusters': 6}",0.0,0.0,0.0,0.0,0.0,0.0,0.0,16,0.0,0.0,0.0,0.0,0.0,0.0,0.0
170,0.39403738975524905,0.029893129858713438,0.0029992580413818358,0.0004112857291116354,0.001,"(50,)",7,"{'NN__alpha': 0.001, 'NN__hidden_layer_sizes': (50,), 'km__n_clusters': 7}",0.0,0.0,0.0,0.0,0.0,0.0,0.0,16,0.0,0.0,0.0,0.0,0.0,0.0,0.0
171,0.4329864978790283,0.011048710510025964,0.003324270248413086,0.0002655604556399128,0.001,"(50,)",8,"{'NN__alpha': 0.001, 'NN__hidden_layer_sizes': (50,), 'km__n_clusters': 8}",0.0,0.0,0.0,0.0,0.0,0.0,0.0,16,0.0,0.0,0.0,0.0,0.0,0.0,0.0
172,0.4448073863983154,0.02179117101390432,0.0029536724090576173,0.0004034721089703668,0.001,"(50,)",9,"{'NN__alpha': 0.001, 'NN__hidden_layer_sizes': (50,), 'km__n_clusters': 9}",0.0,0.0,0.0,0.0,0.0,0.0,0.0,16,0.0,0.0,0.0,0.0,0.0,0.0,0.0
173,0.4667527675628662,0.018536081504338574,0.0029132843017578127,0.0005596335149299829,0.001,"(50,)",10,"{'NN__alpha': 0.001, 'NN__hidden_layer_sizes': (50,), 'km__n_clusters': 10}",0.0,0.0,0.0,0.0,0.0,0.0,0.0,16,0.0,0.0,0.0,0.0,0.0,0.0,0.0
174,0.46486825942993165,0.022184872595678442,0.0035187244415283204,0.0003468698345100894,0.001,"(50,)",15,"{'NN__alpha': 0.001, 'NN__hidden_layer_sizes': (50,), 'km__n_clusters': 15}",0.0,0.0,0.0,0.0,0.0,0.0,0.0,16,0.0,0.0,0.0,0.0,0.0,0.0,0.0
175,0.5148094177246094,0.02908588950690978,0.003828144073486328,0.0007291732425366349,0.001,"(50,)",20,"{'NN__alpha': 0.001, 'NN__hidden_layer_sizes': (50,), 'km__n_clusters': 20}",0.0,0.0,0.0,0.0,0.0,0.0,0.0,16,0.0,0.0,0.0,0.0,0.0,0.0,0.0
176,0.5875529766082763,0.021390354020842977,0.0031067371368408204,0.0002950115466459896,0.001,"(50,)",25,"{'NN__alpha': 0.001, 'NN__hidden_layer_sizes': (50,), 'km__n_clusters': 25}",0.0,0.0,0.0,0.0,0.0,0.0,0.0,16,0.0,0.0,0.0,0.0,0.0,0.0,0.0
177,0.7711267471313477,0.014349124071378904,0.004790163040161133,0.0016998699936558136,0.001,"(50,)",30,"{'NN__alpha': 0.001, 'NN__hidden_layer_sizes': (50,), 'km__n_clusters': 30}",0.0,0.0,0.0,0.0,0.0,0.0,0.0,16,0.0,0.0,0.0,0.0,0.0,0.0,0.0
178,0.8818864822387695,0.02430492600547168,0.003692960739135742,0.00031560693426537124,0.001,"(50,)",35,"{'NN__alpha': 0.001, 'NN__hidden_layer_sizes': (50,), 'km__n_clusters': 35}",0.0,0.0,0.0,0.0,0.0,0.0,0.0,16,0.0,0.0,0.0,0.0,0.0,0.0,0.0
179,0.9562563896179199,0.025513121509332416,0.004752111434936523,0.0008040761703171738,0.001,"(50,)",40,"{'NN__alpha': 0.001, 'NN__hidden_layer_sizes': (50,), 'km__n_clusters': 40}",0.0,0.0,0.0,0.0,0.0,0.0,0.0,16,0.0,0.0,0.0,0.0,0.0,0.0,0.0
180,0.19071221351623535,0.019022412136640913,0.0027252197265625,0.00045384076175037925,0.001,"(25,)",2,"{'NN__alpha': 0.001, 'NN__hidden_layer_sizes': (25,), 'km__n_clusters': 2}",0.0,0.0,0.0,0.0,0.0,0.0,0.0,16,0.0,0.0,0.0,0.0,0.0,0.0,0.0
181,0.2438265323638916,0.019129439158506532,0.00326080322265625,0.0010696058792135272,0.001,"(25,)",3,"{'NN__alpha': 0.001, 'NN__hidden_layer_sizes': (25,), 'km__n_clusters': 3}",0.0,0.0,0.0,0.0,0.0,0.0,0.0,16,0.0,0.0,0.0,0.0,0.0,0.0,0.0
182,0.29653081893920896,0.02010066412609139,0.0032845020294189455,0.0007406997604535145,0.001,"(25,)",4,"{'NN__alpha': 0.001, 'NN__hidden_layer_sizes': (25,), 'km__n_clusters': 4}",0.0,0.0,0.047746048266441105,0.0,0.0,0.009533612740828788,0.019086711665058397,5,0.0,0.0,0.03947368421052631,0.0,0.0,0.007894736842105262,0.015789473684210527
183,0.2571725845336914,0.011395710641476835,0.003327035903930664,0.00156389376617332,0.001,"(25,)",5,"{'NN__alpha': 0.001, 'NN__hidden_layer_sizes': (25,), 'km__n_clusters': 5}",0.0,0.0,0.0,0.0,0.0,0.0,0.0,16,0.0,0.0,0.0,0.0,0.0,0.0,0.0
184,0.2805001258850098,0.007649735362096085,0.002475404739379883,0.00011255575220040505,0.001,"(25,)",6,"{'NN__alpha': 0.001, 'NN__hidden_layer_sizes': (25,), 'km__n_clusters': 6}",0.0,0.0,0.0,0.0,0.0,0.0,0.0,16,0.0,0.0,0.0,0.0,0.0,0.0,0.0
185,0.3107798099517822,0.022026313878613903,0.004032659530639649,0.002478421995820153,0.001,"(25,)",7,"{'NN__alpha': 0.001, 'NN__hidden_layer_sizes': (25,), 'km__n_clusters': 7}",0.0,0.0,0.0,0.0,0.0,0.0,0.0,16,0.0,0.0,0.0,0.0,0.0,0.0,0.0
186,0.3916522979736328,0.011821604768927983,0.00250391960144043,9.310218344537653e-05,0.001,"(25,)",8,"{'NN__alpha': 0.001, 'NN__hidden_layer_sizes': (25,), 'km__n_clusters': 8}",0.0,0.0,0.0,0.01621633563838011,0.0,0.0032379698355115864,0.006482557904401887,9,0.0,0.0,0.02016129032258064,0.01612903225806452,0.0,0.007258064516129032,0.008980265101338744
187,0.31989254951477053,0.01584097017665849,0.0027114391326904298,0.0005314402346827246,0.001,"(25,)",9,"{'NN__alpha': 0.001, 'NN__hidden_layer_sizes': (25,), 'km__n_clusters': 9}",0.0,0.0,0.0,0.0,0.0,0.0,0.0,16,0.0,0.0,0.0,0.0,0.0,0.0,0.0
188,0.3780834197998047,0.020267122942751452,0.0026310443878173827,0.0003003077720224622,0.001,"(25,)",10,"{'NN__alpha': 0.001, 'NN__hidden_layer_sizes': (25,), 'km__n_clusters': 10}",0.0,0.0,0.0,0.0,0.0,0.0,0.0,16,0.0,0.0,0.0,0.0,0.0,0.0,0.0
189,0.4081729888916016,0.024536020388912044,0.0032306671142578124,0.0009366107707730115,0.001,"(25,)",15,"{'NN__alpha': 0.001, 'NN__hidden_layer_sizes': (25,), 'km__n_clusters': 15}",0.0,0.0,0.0,0.0,0.0,0.0,0.0,16,0.0,0.0,0.0,0.0,0.0,0.0,0.0
190,0.4583493709564209,0.01928379045560369,0.003324127197265625,0.0012724592292459732,0.001,"(25,)",20,"{'NN__alpha': 0.001, 'NN__hidden_layer_sizes': (25,), 'km__n_clusters': 20}",0.0,0.0,0.0,0.0,0.0,0.0,0.0,16,0.0,0.0,0.0,0.0,0.0,0.0,0.0
191,0.519994068145752,0.0171612089918861,0.0034895420074462892,0.0004926056587792848,0.001,"(25,)",25,"{'NN__alpha': 0.001, 'NN__hidden_layer_sizes': (25,), 'km__n_clusters': 25}",0.0,0.0,0.0,0.0,0.0,0.0,0.0,16,0.0,0.0,0.0,0.0,0.0,0.0,0.0
192,0.600898265838623,0.018737423915652536,0.0038823604583740233,0.0012232420769495815,0.001,"(25,)",30,"{'NN__alpha': 0.001, 'NN__hidden_layer_sizes': (25,), 'km__n_clusters': 30}",0.0,0.0,0.0,0.0,0.0,0.0,0.0,16,0.0,0.0,0.0,0.0,0.0,0.0,0.0
193,0.737860631942749,0.017408560637367357,0.0033872127532958984,0.00022797808439602984,0.001,"(25,)",35,"{'NN__alpha': 0.001, 'NN__hidden_layer_sizes': (25,), 'km__n_clusters': 35}",0.0,0.09183355168756618,0.0,0.0,0.0,0.018411708402856268,0.0367671261993413,1,0.0,0.12106165882904288,0.0,0.0,0.0,0.024212331765808576,0.048424663531617146
194,0.7680899620056152,0.039267610833127846,0.0061473846435546875,0.002096879526964553,0.001,"(25,)",40,"{'NN__alpha': 0.001, 'NN__hidden_layer_sizes': (25,), 'km__n_clusters': 40}",0.0,0.0,0.0,0.0,0.0,0.0,0.0,16,0.0,0.0,0.0,0.0,0.0,0.0,0.0
195,0.22556371688842775,0.015282120822153874,0.0033963203430175783,0.0006871475827931653,0.001,"(25, 25)",2,"{'NN__alpha': 0.001, 'NN__hidden_layer_sizes': (25, 25), 'km__n_clusters': 2}",0.0,0.0,0.0,0.0,0.0,0.0,0.0,16,0.0,0.0,0.0,0.0,0.0,0.0,0.0
196,0.2744171619415283,0.01993667164904238,0.006214952468872071,0.003412875985166261,0.001,"(25, 25)",3,"{'NN__alpha': 0.001, 'NN__hidden_layer_sizes': (25, 25), 'km__n_clusters': 3}",0.0,0.0,0.0,0.0,0.0,0.0,0.0,16,0.0,0.0,0.0,0.0,0.0,0.0,0.0
197,0.32759871482849123,0.008448145217683523,0.003997707366943359,0.0012590448507023217,0.001,"(25, 25)",4,"{'NN__alpha': 0.001, 'NN__hidden_layer_sizes': (25, 25), 'km__n_clusters': 4}",0.0,0.0,0.0,0.0,0.0,0.0,0.0,16,0.0,0.0,0.0,0.0,0.0,0.0,0.0
198,0.3404290199279785,0.02132537372656434,0.002976226806640625,0.0001706995376040763,0.001,"(25, 25)",5,"{'NN__alpha': 0.001, 'NN__hidden_layer_sizes': (25, 25), 'km__n_clusters': 5}",0.0,0.0,0.0,0.0,0.0,0.0,0.0,16,0.0,0.0,0.0,0.0,0.0,0.0,0.0
199,0.31935319900512693,0.0058635264220400175,0.00442814826965332,0.0015244609532750288,0.001,"(25, 25)",6,"{'NN__alpha': 0.001, 'NN__hidden_layer_sizes': (25, 25), 'km__n_clusters': 6}",0.0,0.0,0.0,0.0,0.0,0.0,0.0,16,0.0,0.0,0.0,0.0,0.0,0.0,0.0
200,0.35428681373596194,0.024227361042720028,0.005259561538696289,0.0021217732342831155,0.001,"(25, 25)",7,"{'NN__alpha': 0.001, 'NN__hidden_layer_sizes': (25, 25), 'km__n_clusters': 7}",0.0,0.0,0.0,0.0,0.0,0.0,0.0,16,0.0,0.0,0.0,0.0,0.0,0.0,0.0
201,0.37957353591918946,0.01940681467606222,0.005093288421630859,0.0013909640389048624,0.001,"(25, 25)",8,"{'NN__alpha': 0.001, 'NN__hidden_layer_sizes': (25, 25), 'km__n_clusters': 8}",0.0,0.0,0.0,0.0,0.0,0.0,0.0,16,0.0,0.0,0.0,0.0,0.0,0.0,0.0
202,0.38869056701660154,0.02559193919940937,0.005115318298339844,0.002235029149245861,0.001,"(25, 25)",9,"{'NN__alpha': 0.001, 'NN__hidden_layer_sizes': (25, 25), 'km__n_clusters': 9}",0.0,0.0,0.0,0.0,0.0,0.0,0.0,16,0.0,0.0,0.0,0.0,0.0,0.0,0.0
203,0.42360620498657225,0.019570013218280422,0.004709434509277344,0.0021075411356671235,0.001,"(25, 25)",10,"{'NN__alpha': 0.001, 'NN__hidden_layer_sizes': (25, 25), 'km__n_clusters': 10}",0.0,0.0,0.0,0.0,0.0,0.0,0.0,16,0.0,0.0,0.0,0.0,0.0,0.0,0.0
204,0.44025583267211915,0.02251465295500179,0.006750917434692383,0.00679740635016957,0.001,"(25, 25)",15,"{'NN__alpha': 0.001, 'NN__hidden_layer_sizes': (25, 25), 'km__n_clusters': 15}",0.0,0.0,0.0,0.0,0.0,0.0,0.0,16,0.0,0.0,0.0,0.0,0.0,0.0,0.0
205,0.49503674507141116,0.02716122769013691,0.0034523963928222655,0.000354772761254572,0.001,"(25, 25)",20,"{'NN__alpha': 0.001, 'NN__hidden_layer_sizes': (25, 25), 'km__n_clusters': 20}",0.0,0.0,0.0,0.0,0.0,0.0,0.0,16,0.0,0.0,0.0,0.0,0.0,0.0,0.0
206,0.5658722400665284,0.02266256184086725,0.004079580307006836,0.0009108017367164281,0.001,"(25, 25)",25,"{'NN__alpha': 0.001, 'NN__hidden_layer_sizes': (25, 25), 'km__n_clusters': 25}",0.0,0.0,0.0,0.0,0.0,0.0,0.0,16,0.0,0.0,0.0,0.0,0.0,0.0,0.0
207,0.6739400863647461,0.017353340580535104,0.00542759895324707,0.0017655482626929612,0.001,"(25, 25)",30,"{'NN__alpha': 0.001, 'NN__hidden_layer_sizes': (25, 25), 'km__n_clusters': 30}",0.0,0.0,0.0,0.0,0.0,0.0,0.0,16,0.0,0.0,0.0,0.0,0.0,0.0,0.0
208,0.7575688362121582,0.020938657751627184,0.004537057876586914,0.0008984078432640604,0.001,"(25, 25)",35,"{'NN__alpha': 0.001, 'NN__hidden_layer_sizes': (25, 25), 'km__n_clusters': 35}",0.0,0.0,0.0,0.0,0.0,0.0,0.0,16,0.0,0.0,0.0,0.0,0.0,0.0,0.0
209,0.785392951965332,0.01584605844202266,0.004416370391845703,0.0008554478632543109,0.001,"(25, 25)",40,"{'NN__alpha': 0.001, 'NN__hidden_layer_sizes': (25, 25), 'km__n_clusters': 40}",0.0,0.0,0.0,0.0,0.0,0.0,0.0,16,0.0,0.0,0.0,0.0,0.0,0.0,0.0
210,0.7006237983703614,0.030321918854129746,0.004181623458862305,0.000539314188108144,0.001,"(100, 25, 100)",2,"{'NN__alpha': 0.001, 'NN__hidden_layer_sizes': (100, 25, 100), 'km__n_clusters': 2}",0.0,0.0,0.0,0.0,0.0,0.0,0.0,16,0.0,0.0,0.0,0.0,0.0,0.0,0.0
211,0.6837934494018555,0.02066668206380493,0.004123783111572266,0.00025131017421191495,0.001,"(100, 25, 100)",3,"{'NN__alpha': 0.001, 'NN__hidden_layer_sizes': (100, 25, 100), 'km__n_clusters': 3}",0.0,0.0,0.0,0.0,0.0,0.0,0.0,16,0.0,0.0,0.0,0.0,0.0,0.0,0.0
212,0.7285494327545166,0.011844495541178387,0.005044078826904297,0.001176198653702217,0.001,"(100, 25, 100)",4,"{'NN__alpha': 0.001, 'NN__hidden_layer_sizes': (100, 25, 100), 'km__n_clusters': 4}",0.0,0.0,0.0,0.0,0.0,0.0,0.0,16,0.0,0.0,0.0,0.0,0.0,0.0,0.0
213,0.7633371353149414,0.01776061207707748,0.004038286209106445,0.00010869444187805842,0.001,"(100, 25, 100)",5,"{'NN__alpha': 0.001, 'NN__hidden_layer_sizes': (100, 25, 100), 'km__n_clusters': 5}",0.0,0.0,0.0,0.0,0.0,0.0,0.0,16,0.0,0.0,0.0,0.0,0.0,0.0,0.0
214,0.7751587390899658,0.03344844859469117,0.0047228336334228516,0.00029393180000456963,0.001,"(100, 25, 100)",6,"{'NN__alpha': 0.001, 'NN__hidden_layer_sizes': (100, 25, 100), 'km__n_clusters': 6}",0.0,0.0,0.0,0.0,0.0,0.0,0.0,16,0.0,0.0,0.0,0.0,0.0,0.0,0.0
215,0.8042516231536865,0.023433493082254668,0.004987573623657227,0.0006727687607358496,0.001,"(100, 25, 100)",7,"{'NN__alpha': 0.001, 'NN__hidden_layer_sizes': (100, 25, 100), 'km__n_clusters': 7}",0.0,0.0,0.0,0.0,0.0,0.0,0.0,16,0.0,0.0,0.0,0.0,0.0,0.0,0.0
216,0.8271975040435791,0.016458558512185886,0.004513311386108399,0.00028276726526706066,0.001,"(100, 25, 100)",8,"{'NN__alpha': 0.001, 'NN__hidden_layer_sizes': (100, 25, 100), 'km__n_clusters': 8}",0.0,0.0,0.0,0.0,0.0,0.0,0.0,16,0.0,0.0,0.0,0.0,0.0,0.0,0.0
217,0.8267104148864746,0.018001083363438163,0.0053540229797363285,0.0007428821085036583,0.001,"(100, 25, 100)",9,"{'NN__alpha': 0.001, 'NN__hidden_layer_sizes': (100, 25, 100), 'km__n_clusters': 9}",0.0,0.0,0.0,0.0,0.0,0.0,0.0,16,0.0,0.0,0.0,0.0,0.0,0.0,0.0
218,0.8731045246124267,0.01325688315255471,0.005367183685302734,0.0008669515442030457,0.001,"(100, 25, 100)",10,"{'NN__alpha': 0.001, 'NN__hidden_layer_sizes': (100, 25, 100), 'km__n_clusters': 10}",0.0,0.0,0.0,0.0,0.0,0.0,0.0,16,0.0,0.0,0.0,0.0,0.0,0.0,0.0
219,1.0302284240722657,0.017912542339426938,0.005026578903198242,0.00021875540622747888,0.001,"(100, 25, 100)",15,"{'NN__alpha': 0.001, 'NN__hidden_layer_sizes': (100, 25, 100), 'km__n_clusters': 15}",0.0,0.0,0.0,0.0,0.0,0.0,0.0,16,0.0,0.0,0.0,0.0,0.0,0.0,0.0
220,1.0448672771453857,0.004482988061494222,0.004573011398315429,0.00027211378296282564,0.001,"(100, 25, 100)",20,"{'NN__alpha': 0.001, 'NN__hidden_layer_sizes': (100, 25, 100), 'km__n_clusters': 20}",0.0,0.0,0.0,0.0,0.0,0.0,0.0,16,0.0,0.0,0.0,0.0,0.0,0.0,0.0
221,1.1263990879058838,0.048430168100306245,0.004908418655395508,0.0006415529626143862,0.001,"(100, 25, 100)",25,"{'NN__alpha': 0.001, 'NN__hidden_layer_sizes': (100, 25, 100), 'km__n_clusters': 25}",0.0,0.0,0.0,0.0,0.0,0.0,0.0,16,0.0,0.0,0.0,0.0,0.0,0.0,0.0
222,1.2020926475524902,0.03929568314619016,0.004782390594482422,0.0002748509565142938,0.001,"(100, 25, 100)",30,"{'NN__alpha': 0.001, 'NN__hidden_layer_sizes': (100, 25, 100), 'km__n_clusters': 30}",0.0,0.0,0.0,0.0,0.0,0.0,0.0,16,0.0,0.0,0.0,0.0,0.0,0.0,0.0
223,1.2764235973358153,0.01431498119294137,0.004834508895874024,0.00041676750428199357,0.001,"(100, 25, 100)",35,"{'NN__alpha': 0.001, 'NN__hidden_layer_sizes': (100, 25, 100), 'km__n_clusters': 35}",0.0,0.0,0.0,0.0,0.0,0.0,0.0,16,0.0,0.0,0.0,0.0,0.0,0.0,0.0
224,1.296397829055786,0.025510694503434725,0.0052468299865722655,0.00031198254582131077,0.001,"(100, 25, 100)",40,"{'NN__alpha': 0.001, 'NN__hidden_layer_sizes': (100, 25, 100), 'km__n_clusters': 40}",0.0,0.0,0.0,0.0,0.0,0.0,0.0,16,0.0,0.0,0.0,0.0,0.0,0.0,0.0
225,0.4469198703765869,0.01697090747492528,0.0033026695251464843,0.00014885498207328814,0.0001,"(50, 50)",2,"{'NN__alpha': 0.0001, 'NN__hidden_layer_sizes': (50, 50), 'km__n_clusters': 2}",0.0,0.0,0.0,0.0,0.0,0.0,0.0,16,0.0,0.0,0.0,0.0,0.0,0.0,0.0
226,0.5046973705291748,0.01773436991976284,0.003432178497314453,0.00024642719202814297,0.0001,"(50, 50)",3,"{'NN__alpha': 0.0001, 'NN__hidden_layer_sizes': (50, 50), 'km__n_clusters': 3}",0.0,0.0,0.0,0.0,0.0,0.0,0.0,16,0.0,0.0,0.0,0.0,0.0,0.0,0.0
227,0.5103409767150879,0.01703249251098127,0.003388786315917969,0.0004124546215303721,0.0001,"(50, 50)",4,"{'NN__alpha': 0.0001, 'NN__hidden_layer_sizes': (50, 50), 'km__n_clusters': 4}",0.0,0.0,0.0,0.0,0.0,0.0,0.0,16,0.0,0.0,0.0,0.0,0.0,0.0,0.0
228,0.5085881233215332,0.009769926053474999,0.0032094001770019533,0.00043647419965305294,0.0001,"(50, 50)",5,"{'NN__alpha': 0.0001, 'NN__hidden_layer_sizes': (50, 50), 'km__n_clusters': 5}",0.0,0.0,0.0,0.0,0.0,0.0,0.0,16,0.0,0.0,0.0,0.0,0.0,0.0,0.0
229,0.5656065940856934,0.008560766749698728,0.0030228137969970704,0.00015493279472761134,0.0001,"(50, 50)",6,"{'NN__alpha': 0.0001, 'NN__hidden_layer_sizes': (50, 50), 'km__n_clusters': 6}",0.0,0.0,0.0,0.0,0.0,0.0,0.0,16,0.0,0.0,0.0,0.0,0.0,0.0,0.0
230,0.5481389999389649,0.02285655462687937,0.0035634517669677736,0.0005549419579737859,0.0001,"(50, 50)",7,"{'NN__alpha': 0.0001, 'NN__hidden_layer_sizes': (50, 50), 'km__n_clusters': 7}",0.0,0.0,0.0,0.0,0.0,0.0,0.0,16,0.0,0.0,0.0,0.0,0.0,0.0,0.0
231,0.605139970779419,0.018577077005104685,0.003532266616821289,0.00044784764719043446,0.0001,"(50, 50)",8,"{'NN__alpha': 0.0001, 'NN__hidden_layer_sizes': (50, 50), 'km__n_clusters': 8}",0.0,0.0,0.0,0.0,0.0,0.0,0.0,16,0.0,0.0,0.0,0.0,0.0,0.0,0.0
232,0.6053644180297851,0.016709189369636484,0.003676033020019531,0.0005052500600517899,0.0001,"(50, 50)",9,"{'NN__alpha': 0.0001, 'NN__hidden_layer_sizes': (50, 50), 'km__n_clusters': 9}",0.0,0.0,0.0,0.0,0.0,0.0,0.0,16,0.0,0.0,0.0,0.0,0.0,0.0,0.0
233,0.6609993934631347,0.019493911557846702,0.003738594055175781,0.00042425690547968583,0.0001,"(50, 50)",10,"{'NN__alpha': 0.0001, 'NN__hidden_layer_sizes': (50, 50), 'km__n_clusters': 10}",0.0,0.0,0.0,0.0,0.0,0.0,0.0,16,0.0,0.0,0.0,0.0,0.0,0.0,0.0
234,0.7478700160980225,0.051842407952943655,0.00479741096496582,0.0008721147929045053,0.0001,"(50, 50)",15,"{'NN__alpha': 0.0001, 'NN__hidden_layer_sizes': (50, 50), 'km__n_clusters': 15}",0.0161290322580645,0.0,0.0,0.0,0.0,0.0032337096115596852,0.006457532716615989,12,0.004067815383763323,0.0,0.0,0.0,0.0,0.0008135630767526646,0.001627126153505329
235,0.7888070583343506,0.022190344605613577,0.005353546142578125,0.0014558463062914286,0.0001,"(50, 50)",20,"{'NN__alpha': 0.0001, 'NN__hidden_layer_sizes': (50, 50), 'km__n_clusters': 20}",0.0,0.0,0.0,0.0,0.0,0.0,0.0,16,0.0,0.0,0.0,0.0,0.0,0.0,0.0
236,0.8279591560363769,0.016454726308747492,0.005852890014648437,0.000695874368181161,0.0001,"(50, 50)",25,"{'NN__alpha': 0.0001, 'NN__hidden_layer_sizes': (50, 50), 'km__n_clusters': 25}",0.0,0.0,0.0,0.0,0.0,0.0,0.0,16,0.0,0.0,0.0,0.0,0.0,0.0,0.0
237,0.9848837852478027,0.022389615829233267,0.004389286041259766,0.0002707567714108933,0.0001,"(50, 50)",30,"{'NN__alpha': 0.0001, 'NN__hidden_layer_sizes': (50, 50), 'km__n_clusters': 30}",0.0,0.0,0.0,0.0,0.0,0.0,0.0,16,0.0,0.0,0.0,0.0,0.0,0.0,0.0
238,1.1169142723083496,0.02065472705491244,0.004491138458251953,0.0006558117652305734,0.0001,"(50, 50)",35,"{'NN__alpha': 0.0001, 'NN__hidden_layer_sizes': (50, 50), 'km__n_clusters': 35}",0.0,0.0,0.0,0.0,0.0,0.0,0.0,16,0.0,0.0,0.0,0.0,0.0,0.0,0.0
239,1.124406623840332,0.031496042533449675,0.004953193664550781,0.0006898332055436544,0.0001,"(50, 50)",40,"{'NN__alpha': 0.0001, 'NN__hidden_layer_sizes': (50, 50), 'km__n_clusters': 40}",0.0,0.0,0.0,0.0,0.0,0.0,0.0,16,0.0,0.0,0.0,0.0,0.0,0.0,0.0
240,0.2413181781768799,0.015648732741617863,0.0027382373809814453,0.0004221379870964304,0.0001,"(50,)",2,"{'NN__alpha': 0.0001, 'NN__hidden_layer_sizes': (50,), 'km__n_clusters': 2}",0.0,0.0,0.0,0.0,0.0,0.0,0.0,16,0.0,0.0,0.0,0.0,0.0,0.0,0.0
241,0.340349006652832,0.04688715792397427,0.003023386001586914,0.0005859537125495239,0.0001,"(50,)",3,"{'NN__alpha': 0.0001, 'NN__hidden_layer_sizes': (50,), 'km__n_clusters': 3}",0.0,0.0,0.0,0.0,0.0,0.0,0.0,16,0.0,0.0,0.0,0.0,0.0,0.0,0.0
242,0.366609525680542,0.024627494106555365,0.0031898975372314452,0.0006861808085213021,0.0001,"(50,)",4,"{'NN__alpha': 0.0001, 'NN__hidden_layer_sizes': (50,), 'km__n_clusters': 4}",0.0,0.0,0.0,0.0,0.0,0.0,0.0,16,0.0,0.0,0.0,0.0,0.0,0.0,0.0
243,0.34716134071350097,0.021701902526214456,0.0033102035522460938,0.0006953618853248254,0.0001,"(50,)",5,"{'NN__alpha': 0.0001, 'NN__hidden_layer_sizes': (50,), 'km__n_clusters': 5}",0.0,0.0,0.0,0.0,0.0,0.0,0.0,16,0.0,0.0,0.0,0.0,0.0,0.0,0.0
244,0.3411713600158691,0.017302966833749635,0.0030616283416748046,0.0004942019902526546,0.0001,"(50,)",6,"{'NN__alpha': 0.0001, 'NN__hidden_layer_sizes': (50,), 'km__n_clusters': 6}",0.0,0.0,0.0,0.0,0.0,0.0,0.0,16,0.0,0.0,0.0,0.0,0.0,0.0,0.0
245,0.36510558128356935,0.019973797191364877,0.0030415534973144533,0.00041903801050495687,0.0001,"(50,)",7,"{'NN__alpha': 0.0001, 'NN__hidden_layer_sizes': (50,), 'km__n_clusters': 7}",0.0,0.0,0.0,0.0,0.0,0.0,0.0,16,0.0,0.0,0.0,0.0,0.0,0.0,0.0
246,0.46057968139648436,0.027902964144653243,0.003351449966430664,0.00027298808618145926,0.0001,"(50,)",8,"{'NN__alpha': 0.0001, 'NN__hidden_layer_sizes': (50,), 'km__n_clusters': 8}",0.0,0.0,0.0,0.0,0.0,0.0,0.0,16,0.0,0.0,0.0,0.0,0.0,0.0,0.0
247,0.4478318214416504,0.01689221119833101,0.0029709339141845703,0.0004705182292467851,0.0001,"(50,)",9,"{'NN__alpha': 0.0001, 'NN__hidden_layer_sizes': (50,), 'km__n_clusters': 9}",0.0,0.0,0.0,0.0,0.0,0.0,0.0,16,0.0,0.0,0.0,0.0,0.0,0.0,0.0
248,0.4873391628265381,0.03290516409809395,0.003077840805053711,0.0002719684780473432,0.0001,"(50,)",10,"{'NN__alpha': 0.0001, 'NN__hidden_layer_sizes': (50,), 'km__n_clusters': 10}",0.0,0.0,0.0,0.0,0.0,0.0,0.0,16,0.0,0.0,0.0,0.0,0.0,0.0,0.0
249,0.48496084213256835,0.022871232626468053,0.0034550189971923827,0.0003690342119907596,0.0001,"(50,)",15,"{'NN__alpha': 0.0001, 'NN__hidden_layer_sizes': (50,), 'km__n_clusters': 15}",0.0,0.0,0.0,0.0,0.0,0.0,0.0,16,0.0,0.0,0.0,0.0,0.0,0.0,0.0
250,0.6123088359832763,0.0329905432220478,0.004337310791015625,0.001347560057344411,0.0001,"(50,)",20,"{'NN__alpha': 0.0001, 'NN__hidden_layer_sizes': (50,), 'km__n_clusters': 20}",0.0,0.0,0.0,0.0,0.0,0.0,0.0,16,0.0,0.0,0.0,0.0,0.0,0.0,0.0
251,0.6300711154937744,0.0216677417964984,0.0038462162017822267,0.0004446912215185837,0.0001,"(50,)",25,"{'NN__alpha': 0.0001, 'NN__hidden_layer_sizes': (50,), 'km__n_clusters': 25}",0.0,0.0,0.0,0.0,0.0,0.0,0.0,16,0.0,0.0,0.0,0.0,0.0,0.0,0.0
252,0.7575615882873535,0.021224275818979156,0.004038810729980469,0.00039769082323029667,0.0001,"(50,)",30,"{'NN__alpha': 0.0001, 'NN__hidden_layer_sizes': (50,), 'km__n_clusters': 30}",0.0,0.0,0.0,0.0,0.0,0.0,0.0,16,0.0,0.0,0.0,0.0,0.0,0.0,0.0
253,0.8843915462493896,0.021367693814150542,0.003835248947143555,0.00040846736016154743,0.0001,"(50,)",35,"{'NN__alpha': 0.0001, 'NN__hidden_layer_sizes': (50,), 'km__n_clusters': 35}",0.0,0.0,0.0,0.0,0.0,0.0,0.0,16,0.0,0.0,0.0,0.0,0.0,0.0,0.0
254,0.9196680545806885,0.026715080899215093,0.004424905776977539,0.0006199850520418044,0.0001,"(50,)",40,"{'NN__alpha': 0.0001, 'NN__hidden_layer_sizes': (50,), 'km__n_clusters': 40}",0.0,0.0,0.0,0.0,0.0,0.0,0.0,16,0.0,0.0,0.0,0.0,0.0,0.0,0.0
255,0.19090595245361328,0.016945005491694053,0.0026247501373291016,0.0001886635005412618,0.0001,"(25,)",2,"{'NN__alpha': 0.0001, 'NN__hidden_layer_sizes': (25,), 'km__n_clusters': 2}",0.0,0.0,0.0,0.0,0.0,0.0,0.0,16,0.0,0.0,0.0,0.0,0.0,0.0,0.0
256,0.2385383129119873,0.023462831063454447,0.003577899932861328,0.0006906906883961112,0.0001,"(25,)",3,"{'NN__alpha': 0.0001, 'NN__hidden_layer_sizes': (25,), 'km__n_clusters': 3}",0.0,0.0,0.0,0.0,0.0,0.0,0.0,16,0.0,0.0,0.0,0.0,0.0,0.0,0.0
257,0.2992403984069824,0.02016439966992359,0.0030098438262939455,0.0007056046470587994,0.0001,"(25,)",4,"{'NN__alpha': 0.0001, 'NN__hidden_layer_sizes': (25,), 'km__n_clusters': 4}",0.0,0.0,0.047746048266441105,0.0,0.0,0.009533612740828788,0.019086711665058397,5,0.0,0.0,0.03947368421052631,0.0,0.0,0.007894736842105262,0.015789473684210527
258,0.2473785400390625,0.012979997205393242,0.0028734683990478517,0.0006043840046754174,0.0001,"(25,)",5,"{'NN__alpha': 0.0001, 'NN__hidden_layer_sizes': (25,), 'km__n_clusters': 5}",0.0,0.0,0.0,0.0,0.0,0.0,0.0,16,0.0,0.0,0.0,0.0,0.0,0.0,0.0
259,0.26216797828674315,0.009225810904169487,0.003002166748046875,0.0008630620971224467,0.0001,"(25,)",6,"{'NN__alpha': 0.0001, 'NN__hidden_layer_sizes': (25,), 'km__n_clusters': 6}",0.0,0.0,0.0,0.0,0.0,0.0,0.0,16,0.0,0.0,0.0,0.0,0.0,0.0,0.0
260,0.28789381980895995,0.019798090161520874,0.0024425506591796873,0.00020369188574739913,0.0001,"(25,)",7,"{'NN__alpha': 0.0001, 'NN__hidden_layer_sizes': (25,), 'km__n_clusters': 7}",0.0,0.0,0.0,0.0,0.0,0.0,0.0,16,0.0,0.0,0.0,0.0,0.0,0.0,0.0
261,0.36066722869873047,0.021100612566454967,0.002678537368774414,0.0004612665117939558,0.0001,"(25,)",8,"{'NN__alpha': 0.0001, 'NN__hidden_layer_sizes': (25,), 'km__n_clusters': 8}",0.0,0.0,0.0,0.01621633563838011,0.0,0.0032379698355115864,0.006482557904401887,9,0.0,0.0,0.0040650406504065045,0.01612903225806452,0.0,0.004038814581694205,0.006246761095873837
262,0.306643009185791,0.015972592005213195,0.002550029754638672,0.00019650635745120147,0.0001,"(25,)",9,"{'NN__alpha': 0.0001, 'NN__hidden_layer_sizes': (25,), 'km__n_clusters': 9}",0.0,0.0,0.0,0.0,0.0,0.0,0.0,16,0.0,0.0,0.0,0.0,0.0,0.0,0.0
263,0.3769536972045898,0.019919301478336458,0.002878284454345703,0.0004903391085640464,0.0001,"(25,)",10,"{'NN__alpha': 0.0001, 'NN__hidden_layer_sizes': (25,), 'km__n_clusters': 10}",0.0,0.0,0.0,0.0,0.0,0.0,0.0,16,0.0,0.0,0.0,0.0,0.0,0.0,0.0
264,0.4120474338531494,0.015625496883543033,0.002533149719238281,0.0001306727318460816,0.0001,"(25,)",15,"{'NN__alpha': 0.0001, 'NN__hidden_layer_sizes': (25,), 'km__n_clusters': 15}",0.0,0.0,0.0,0.0,0.0,0.0,0.0,16,0.0,0.0,0.0,0.0,0.0,0.0,0.0
265,0.45857944488525393,0.016462087848142397,0.0025660037994384766,0.00018761882563172975,0.0001,"(25,)",20,"{'NN__alpha': 0.0001, 'NN__hidden_layer_sizes': (25,), 'km__n_clusters': 20}",0.0,0.0,0.0,0.0,0.0,0.0,0.0,16,0.0,0.0,0.0,0.0,0.0,0.0,0.0
266,0.5106101989746094,0.012242125066292707,0.003135967254638672,0.0003692565931749966,0.0001,"(25,)",25,"{'NN__alpha': 0.0001, 'NN__hidden_layer_sizes': (25,), 'km__n_clusters': 25}",0.0,0.0,0.0,0.0,0.0,0.0,0.0,16,0.0,0.0,0.0,0.0,0.0,0.0,0.0
267,0.5784135818481445,0.025274983255418472,0.002944612503051758,0.00011648426159456259,0.0001,"(25,)",30,"{'NN__alpha': 0.0001, 'NN__hidden_layer_sizes': (25,), 'km__n_clusters': 30}",0.0,0.0,0.0,0.0,0.0,0.0,0.0,16,0.0,0.0,0.0,0.0,0.0,0.0,0.0
268,0.6822290897369385,0.014000449798512567,0.003370380401611328,0.0002448544924732883,0.0001,"(25,)",35,"{'NN__alpha': 0.0001, 'NN__hidden_layer_sizes': (25,), 'km__n_clusters': 35}",0.0,0.09183355168756618,0.0,0.0,0.0,0.018411708402856268,0.0367671261993413,1,0.0,0.12106165882904288,0.0,0.0,0.0,0.024212331765808576,0.048424663531617146
269,0.6975265979766846,0.025427386530010414,0.003610563278198242,0.0001574094566829694,0.0001,"(25,)",40,"{'NN__alpha': 0.0001, 'NN__hidden_layer_sizes': (25,), 'km__n_clusters': 40}",0.0,0.0,0.0,0.0,0.0,0.0,0.0,16,0.0,0.0,0.0,0.0,0.0,0.0,0.0
270,0.2159425735473633,0.011411337735157201,0.0037262439727783203,0.0008859239934920933,0.0001,"(25, 25)",2,"{'NN__alpha': 0.0001, 'NN__hidden_layer_sizes': (25, 25), 'km__n_clusters': 2}",0.0,0.0,0.0,0.0,0.0,0.0,0.0,16,0.0,0.0,0.0,0.0,0.0,0.0,0.0
271,0.2588957786560059,0.02046669848756211,0.005197763442993164,0.001957997150011964,0.0001,"(25, 25)",3,"{'NN__alpha': 0.0001, 'NN__hidden_layer_sizes': (25, 25), 'km__n_clusters': 3}",0.0,0.0,0.0,0.0,0.0,0.0,0.0,16,0.0,0.0,0.0,0.0,0.0,0.0,0.0
272,0.3158098697662354,0.01489950450507388,0.0032840251922607424,0.00047447006635686933,0.0001,"(25, 25)",4,"{'NN__alpha': 0.0001, 'NN__hidden_layer_sizes': (25, 25), 'km__n_clusters': 4}",0.0,0.0,0.0,0.0,0.0,0.0,0.0,16,0.0,0.0,0.0,0.0,0.0,0.0,0.0
273,0.3310368061065674,0.012672445483932121,0.0035923480987548827,0.0005349054928920576,0.0001,"(25, 25)",5,"{'NN__alpha': 0.0001, 'NN__hidden_layer_sizes': (25, 25), 'km__n_clusters': 5}",0.0,0.0,0.0,0.0,0.0,0.0,0.0,16,0.0,0.0,0.0,0.0,0.0,0.0,0.0
274,0.29771924018859863,0.007743789706189019,0.0035483837127685547,0.0004699338938801408,0.0001,"(25, 25)",6,"{'NN__alpha': 0.0001, 'NN__hidden_layer_sizes': (25, 25), 'km__n_clusters': 6}",0.0,0.0,0.0,0.0,0.0,0.0,0.0,16,0.0,0.0,0.0,0.0,0.0,0.0,0.0
275,0.32626781463623045,0.014159181944360024,0.002871417999267578,0.0001377877550106954,0.0001,"(25, 25)",7,"{'NN__alpha': 0.0001, 'NN__hidden_layer_sizes': (25, 25), 'km__n_clusters': 7}",0.0,0.0,0.0,0.0,0.0,0.0,0.0,16,0.0,0.0,0.0,0.0,0.0,0.0,0.0
276,0.3517494201660156,0.01843083693887259,0.004128932952880859,0.0017786101936812311,0.0001,"(25, 25)",8,"{'NN__alpha': 0.0001, 'NN__hidden_layer_sizes': (25, 25), 'km__n_clusters': 8}",0.0,0.0,0.0,0.0,0.0,0.0,0.0,16,0.0,0.0,0.0,0.0,0.0,0.0,0.0
277,0.395719575881958,0.03830570538227466,0.006553936004638672,0.0029196024921333144,0.0001,"(25, 25)",9,"{'NN__alpha': 0.0001, 'NN__hidden_layer_sizes': (25, 25), 'km__n_clusters': 9}",0.0,0.0,0.0,0.0,0.0,0.0,0.0,16,0.0,0.0,0.0,0.0,0.0,0.0,0.0
278,0.46657381057739256,0.03312411800997318,0.003996992111206054,0.0022759011400693818,0.0001,"(25, 25)",10,"{'NN__alpha': 0.0001, 'NN__hidden_layer_sizes': (25, 25), 'km__n_clusters': 10}",0.0,0.0,0.0,0.0,0.0,0.0,0.0,16,0.0,0.0,0.0,0.0,0.0,0.0,0.0
279,0.4756723403930664,0.022580729964820214,0.007981395721435547,0.003516139496085807,0.0001,"(25, 25)",15,"{'NN__alpha': 0.0001, 'NN__hidden_layer_sizes': (25, 25), 'km__n_clusters': 15}",0.0,0.0,0.0,0.0,0.0,0.0,0.0,16,0.0,0.0,0.0,0.0,0.0,0.0,0.0
280,0.5872300148010254,0.018525035207063778,0.004866456985473633,0.0018297538669106276,0.0001,"(25, 25)",20,"{'NN__alpha': 0.0001, 'NN__hidden_layer_sizes': (25, 25), 'km__n_clusters': 20}",0.0,0.0,0.0,0.0,0.0,0.0,0.0,16,0.0,0.0,0.0,0.0,0.0,0.0,0.0
281,0.6100500106811524,0.02852345220901211,0.004137372970581055,0.0007484540084335322,0.0001,"(25, 25)",25,"{'NN__alpha': 0.0001, 'NN__hidden_layer_sizes': (25, 25), 'km__n_clusters': 25}",0.0,0.0,0.0,0.0,0.0,0.0,0.0,16,0.0,0.0,0.0,0.0,0.0,0.0,0.0
282,0.6453166007995605,0.03724285817701782,0.0042937278747558595,0.000763503140590943,0.0001,"(25, 25)",30,"{'NN__alpha': 0.0001, 'NN__hidden_layer_sizes': (25, 25), 'km__n_clusters': 30}",0.0,0.0,0.0,0.0,0.0,0.0,0.0,16,0.0,0.0,0.0,0.0,0.0,0.0,0.0
283,0.7246266365051269,0.015126726443878174,0.003753519058227539,0.0003345899641044419,0.0001,"(25, 25)",35,"{'NN__alpha': 0.0001, 'NN__hidden_layer_sizes': (25, 25), 'km__n_clusters': 35}",0.0,0.0,0.0,0.0,0.0,0.0,0.0,16,0.0,0.0,0.0,0.0,0.0,0.0,0.0
284,0.779126501083374,0.02128930133003323,0.004990911483764649,0.0009934065327872883,0.0001,"(25, 25)",40,"{'NN__alpha': 0.0001, 'NN__hidden_layer_sizes': (25, 25), 'km__n_clusters': 40}",0.0,0.0,0.0,0.0,0.0,0.0,0.0,16,0.0,0.0,0.0,0.0,0.0,0.0,0.0
285,0.6532421112060547,0.024212529101949223,0.003964424133300781,0.00021156405482406355,0.0001,"(100, 25, 100)",2,"{'NN__alpha': 0.0001, 'NN__hidden_layer_sizes': (100, 25, 100), 'km__n_clusters': 2}",0.0,0.0,0.0,0.0,0.0,0.0,0.0,16,0.0,0.0,0.0,0.0,0.0,0.0,0.0
286,0.6679547309875489,0.02557207847826437,0.004174995422363281,0.00021666136174408536,0.0001,"(100, 25, 100)",3,"{'NN__alpha': 0.0001, 'NN__hidden_layer_sizes': (100, 25, 100), 'km__n_clusters': 3}",0.0,0.0,0.0,0.0,0.0,0.0,0.0,16,0.0,0.0,0.0,0.0,0.0,0.0,0.0
287,0.6862894058227539,0.012722595331200152,0.004029560089111328,0.00028571807970782976,0.0001,"(100, 25, 100)",4,"{'NN__alpha': 0.0001, 'NN__hidden_layer_sizes': (100, 25, 100), 'km__n_clusters': 4}",0.0,0.0,0.0,0.0,0.0,0.0,0.0,16,0.0,0.0,0.0,0.0,0.0,0.0,0.0
288,0.7097831249237061,0.02411774122037598,0.004596805572509766,0.0008098254149146153,0.0001,"(100, 25, 100)",5,"{'NN__alpha': 0.0001, 'NN__hidden_layer_sizes': (100, 25, 100), 'km__n_clusters': 5}",0.0,0.0,0.0,0.0,0.0,0.0,0.0,16,0.0,0.0,0.0,0.0,0.0,0.0,0.0
289,0.7666053771972656,0.0074705698938567384,0.005094718933105469,0.0008326277588650792,0.0001,"(100, 25, 100)",6,"{'NN__alpha': 0.0001, 'NN__hidden_layer_sizes': (100, 25, 100), 'km__n_clusters': 6}",0.0,0.0,0.0,0.0,0.0,0.0,0.0,16,0.0,0.0,0.0,0.0,0.0,0.0,0.0
290,0.79490065574646,0.016644074869886786,0.004449987411499023,0.0002656916192435404,0.0001,"(100, 25, 100)",7,"{'NN__alpha': 0.0001, 'NN__hidden_layer_sizes': (100, 25, 100), 'km__n_clusters': 7}",0.0,0.0,0.0,0.0,0.0,0.0,0.0,16,0.0,0.0,0.0,0.0,0.0,0.0,0.0
291,0.7888373851776123,0.009006860287624154,0.004575967788696289,0.00017310128041998443,0.0001,"(100, 25, 100)",8,"{'NN__alpha': 0.0001, 'NN__hidden_layer_sizes': (100, 25, 100), 'km__n_clusters': 8}",0.0,0.0,0.0,0.0,0.0,0.0,0.0,16,0.0,0.0,0.0,0.0,0.0,0.0,0.0
292,0.7929483890533447,0.0252413440084227,0.004753398895263672,0.0004761460159185994,0.0001,"(100, 25, 100)",9,"{'NN__alpha': 0.0001, 'NN__hidden_layer_sizes': (100, 25, 100), 'km__n_clusters': 9}",0.0,0.0,0.0,0.0,0.0,0.0,0.0,16,0.0,0.0,0.0,0.0,0.0,0.0,0.0
293,0.8768800735473633,0.019728002784463693,0.00505533218383789,0.0011563702369884504,0.0001,"(100, 25, 100)",10,"{'NN__alpha': 0.0001, 'NN__hidden_layer_sizes': (100, 25, 100), 'km__n_clusters': 10}",0.0,0.0,0.0,0.0,0.0,0.0,0.0,16,0.0,0.0,0.0,0.0,0.0,0.0,0.0
294,1.0114772319793701,0.027434572215112026,0.006123018264770508,0.0019380557362267642,0.0001,"(100, 25, 100)",15,"{'NN__alpha': 0.0001, 'NN__hidden_layer_sizes': (100, 25, 100), 'km__n_clusters': 15}",0.0,0.0,0.0,0.0,0.0,0.0,0.0,16,0.0,0.0,0.0,0.0,0.0,0.0,0.0
295,1.1054097652435302,0.016600779690265577,0.005480194091796875,0.0011845693602380242,0.0001,"(100, 25, 100)",20,"{'NN__alpha': 0.0001, 'NN__hidden_layer_sizes': (100, 25, 100), 'km__n_clusters': 20}",0.0,0.0,0.0,0.0,0.0,0.0,0.0,16,0.0,0.0,0.0,0.0,0.0,0.0,0.0
296,1.117581033706665,0.019270285538612562,0.004950714111328125,0.00025622943084838834,0.0001,"(100, 25, 100)",25,"{'NN__alpha': 0.0001, 'NN__hidden_layer_sizes': (100, 25, 100), 'km__n_clusters': 25}",0.0,0.0,0.0,0.0,0.0,0.0,0.0,16,0.0,0.0,0.0,0.0,0.0,0.0,0.0
297,1.1406996250152588,0.019423316944516295,0.004962301254272461,0.0007394115734762138,0.0001,"(100, 25, 100)",30,"{'NN__alpha': 0.0001, 'NN__hidden_layer_sizes': (100, 25, 100), 'km__n_clusters': 30}",0.0,0.0,0.0,0.0,0.0,0.0,0.0,16,0.0,0.0,0.0,0.0,0.0,0.0,0.0
298,1.2398171901702881,0.0184694207235482,0.004899215698242187,0.0005524217109714767,0.0001,"(100, 25, 100)",35,"{'NN__alpha': 0.0001, 'NN__hidden_layer_sizes': (100, 25, 100), 'km__n_clusters': 35}",0.0,0.0,0.0,0.0,0.0,0.0,0.0,16,0.0,0.0,0.0,0.0,0.0,0.0,0.0
299,1.0090464115142823,0.14426981493210914,0.003338003158569336,0.0003726630686898456,0.0001,"(100, 25, 100)",40,"{'NN__alpha': 0.0001, 'NN__hidden_layer_sizes': (100, 25, 100), 'km__n_clusters': 40}",0.0,0.0,0.0,0.0,0.0,0.0,0.0,16,0.0,0.0,0.0,0.0,0.0,0.0,0.0
